;tours;packing_plans;tour_costs;packing_plan_costs;rank;crowding_distance
0;[231, 173, 131, 225, 140, 49, 155, 240, 258, 177, 80, 151, 204, 199, 128, 127, 39, 206, 209, 147, 197, 242, 117, 237, 261, 29, 12, 226, 149, 232, 17, 239, 146, 150, 144, 20, 115, 143, 61, 217, 193, 56, 19, 135, 79, 245, 250, 57, 219, 274, 153, 97, 260, 145, 246, 188, 198, 38, 108, 73, 279, 224, 170, 252, 62, 63, 92, 100, 50, 93, 114, 264, 13, 121, 234, 168, 205, 26, 55, 136, 236, 255, 31, 179, 216, 14, 30, 44, 78, 52, 203, 25, 0, 180, 249, 46, 187, 238, 262, 70, 190, 133, 132, 218, 95, 123, 154, 167, 94, 76, 278, 152, 227, 220, 195, 86, 106, 228, 196, 84, 69, 5, 156, 192, 160, 103, 134, 215, 1, 254, 45, 271, 162, 269, 81, 158, 265, 141, 40, 96, 267, 68, 72, 229, 6, 233, 276, 207, 91, 243, 90, 251, 59, 200, 222, 3, 23, 201, 119, 82, 71, 104, 4, 138, 259, 166, 213, 212, 85, 28, 211, 101, 87, 178, 27, 58, 9, 112, 16, 88, 107, 244, 202, 163, 67, 161, 235, 157, 137, 98, 99, 169, 230, 263, 116, 120, 125, 48, 272, 171, 176, 248, 124, 113, 18, 109, 208, 184, 253, 165, 270, 77, 10, 60, 189, 42, 102, 66, 223, 54, 174, 185, 89, 110, 22, 33, 64, 182, 214, 194, 210, 11, 118, 32, 164, 7, 105, 247, 275, 241, 8, 53, 74, 257, 111, 175, 277, 139, 126, 130, 142, 122, 75, 24, 2, 268, 83, 36, 181, 34, 15, 41, 186, 43, 65, 129, 21, 221, 37, 47, 35, 266, 183, 148, 191, 51, 172, 273, 256, 159];[1, 0, 0, 0, 0, 0, 0, 1, 0, 0, 0, 0, 0, 0, 0, 0, 1, 0, 1, 1, 1, 0, 0, 0, 0, 0, 0, 0, 0, 1, 0, 0, 0, 1, 1, 0, 0, 0, 0, 0, 0, 0, 0, 0, 0, 0, 0, 0, 1, 1, 1, 0, 1, 0, 0, 0, 0, 0, 0, 0, 1, 0, 0, 0, 1, 1, 1, 1, 0, 0, 0, 0, 0, 0, 0, 0, 1, 0, 0, 0, 0, 0, 0, 0, 0, 0, 1, 0, 0, 0, 0, 0, 0, 0, 0, 0, 0, 0, 0, 1, 1, 0, 0, 0, 1, 0, 0, 0, 0, 0, 0, 0, 1, 0, 0, 1, 0, 0, 0, 0, 0, 0, 0, 0, 0, 0, 1, 0, 0, 0, 0, 0, 0, 0, 0, 0, 0, 0, 1, 1, 0, 0, 1, 1, 0, 0, 0, 0, 0, 0, 0, 0, 0, 0, 0, 0, 0, 0, 1, 0, 0, 0, 0, 0, 0, 0, 0, 0, 0, 0, 0, 0, 1, 0, 0, 0, 0, 1, 0, 0, 0, 0, 0, 0, 0, 0, 1, 0, 0, 0, 0, 0, 0, 0, 0, 0, 0, 0, 0, 0, 0, 0, 0, 0, 0, 0, 0, 0, 0, 0, 0, 0, 1, 0, 0, 1, 0, 0, 0, 0, 0, 1, 0, 1, 1, 0, 0, 0, 0, 0, 0, 0, 0, 0, 0, 0, 1, 0, 0, 0, 0, 0, 0, 0, 0, 0, 0, 1, 0, 1, 0, 0, 0, 0, 0, 0, 0, 0, 0, 1, 0, 0, 0, 0, 0, 0, 0, 0, 0, 0, 0, 0, 1, 0, 0, 0, 0, 0, 1];444354.1692631679;34354;1;inf
1;[36, 95, 120, 196, 142, 153, 54, 123, 124, 266, 140, 220, 130, 200, 134, 162, 154, 137, 170, 244, 73, 210, 16, 274, 186, 163, 156, 216, 261, 96, 127, 48, 218, 224, 79, 107, 87, 3, 72, 158, 83, 232, 99, 67, 66, 264, 80, 238, 174, 31, 173, 97, 53, 60, 239, 131, 105, 9, 237, 93, 270, 178, 94, 152, 89, 65, 49, 263, 57, 155, 38, 251, 225, 211, 265, 109, 231, 236, 25, 112, 19, 5, 202, 175, 136, 159, 208, 183, 26, 181, 249, 214, 34, 104, 256, 194, 253, 117, 116, 55, 143, 30, 192, 46, 21, 2, 198, 247, 29, 164, 81, 18, 100, 119, 102, 205, 44, 138, 61, 77, 230, 246, 185, 160, 258, 148, 14, 33, 135, 212, 63, 188, 45, 114, 146, 141, 240, 177, 151, 204, 199, 128, 39, 206, 209, 147, 197, 242, 12, 226, 149, 17, 150, 144, 20, 115, 217, 193, 56, 245, 250, 219, 260, 145, 108, 279, 252, 62, 92, 50, 59, 88, 32, 82, 190, 71, 272, 222, 223, 8, 241, 180, 235, 132, 165, 215, 262, 257, 273, 84, 43, 189, 42, 121, 179, 168, 106, 86, 13, 126, 41, 169, 233, 52, 6, 35, 255, 248, 234, 278, 176, 172, 122, 75, 69, 118, 58, 24, 85, 167, 191, 0, 23, 269, 275, 129, 228, 267, 277, 259, 125, 268, 37, 68, 103, 76, 195, 51, 243, 139, 22, 227, 213, 187, 161, 27, 111, 110, 207, 74, 113, 171, 91, 203, 201, 70, 90, 133, 157, 101, 47, 78, 166, 1, 276, 229, 254, 271, 11, 4, 7, 10, 40, 64, 221, 98, 28, 184, 182, 15];[1, 0, 0, 0, 0, 0, 0, 0, 0, 1, 0, 0, 0, 1, 1, 0, 0, 0, 0, 0, 0, 0, 0, 0, 0, 0, 1, 0, 0, 0, 0, 0, 0, 0, 0, 0, 0, 0, 0, 0, 0, 0, 0, 0, 0, 0, 0, 0, 0, 0, 1, 0, 0, 0, 0, 0, 0, 0, 1, 0, 0, 0, 0, 0, 0, 0, 1, 0, 0, 0, 0, 0, 0, 0, 0, 0, 0, 0, 0, 0, 0, 0, 0, 0, 0, 0, 0, 0, 0, 0, 0, 0, 0, 0, 0, 0, 0, 0, 0, 0, 0, 0, 0, 0, 0, 0, 0, 0, 0, 0, 0, 1, 0, 0, 0, 0, 0, 0, 0, 0, 0, 0, 0, 0, 0, 0, 0, 0, 0, 1, 0, 0, 0, 0, 0, 0, 0, 0, 0, 0, 0, 0, 0, 0, 0, 0, 0, 0, 0, 0, 0, 0, 0, 0, 0, 0, 0, 0, 0, 0, 1, 0, 1, 0, 0, 0, 0, 0, 0, 0, 1, 0, 0, 0, 0, 0, 1, 0, 0, 0, 0, 0, 0, 1, 0, 0, 0, 0, 0, 0, 0, 0, 1, 0, 1, 0, 0, 0, 0, 0, 0, 0, 0, 1, 0, 0, 0, 0, 1, 1, 0, 0, 0, 0, 0, 0, 1, 0, 0, 0, 0, 0, 0, 0, 0, 0, 0, 0, 1, 0, 0, 0, 0, 0, 1, 0, 1, 0, 0, 0, 0, 0, 0, 0, 0, 0, 0, 0, 0, 0, 0, 0, 0, 0, 0, 0, 0, 0, 0, 0, 0, 0, 0, 0, 0, 0, 0, 0, 0, 0, 0, 0, 0, 0, 1, 0, 0, 0, 0];258536.85384422497;28376;1;inf
2;[37, 31, 178, 181, 7, 193, 244, 224, 265, 125, 75, 272, 198, 11, 26, 141, 150, 135, 0, 46, 116, 142, 105, 219, 243, 231, 173, 131, 225, 140, 49, 155, 240, 258, 177, 80, 151, 204, 199, 128, 127, 39, 206, 209, 147, 197, 242, 117, 237, 261, 29, 12, 226, 149, 232, 17, 238, 146, 144, 20, 115, 143, 61, 217, 56, 19, 79, 245, 250, 57, 274, 153, 97, 260, 145, 246, 188, 38, 108, 73, 279, 170, 252, 62, 266, 92, 100, 50, 212, 119, 34, 256, 102, 205, 44, 138, 77, 65, 154, 230, 124, 159, 160, 148, 88, 33, 99, 202, 220, 45, 114, 185, 247, 32, 82, 72, 190, 71, 222, 223, 8, 241, 180, 235, 132, 165, 158, 200, 130, 253, 215, 262, 164, 257, 273, 84, 89, 87, 43, 189, 134, 42, 162, 121, 179, 239, 168, 106, 86, 13, 126, 172, 94, 41, 169, 14, 211, 233, 52, 6, 35, 234, 152, 278, 275, 236, 176, 196, 183, 122, 174, 21, 192, 60, 69, 118, 58, 24, 210, 85, 167, 36, 96, 191, 23, 269, 81, 112, 2, 129, 228, 267, 277, 9, 55, 259, 139, 22, 163, 227, 103, 213, 194, 104, 93, 248, 187, 161, 264, 83, 27, 48, 111, 110, 207, 25, 113, 171, 91, 203, 59, 66, 195, 68, 201, 70, 74, 30, 137, 5, 136, 90, 268, 216, 109, 123, 133, 157, 101, 156, 47, 186, 78, 166, 249, 1, 51, 54, 120, 218, 16, 276, 229, 254, 18, 271, 95, 76, 63, 263, 214, 3, 4, 10, 40, 64, 270, 221, 98, 28, 255, 251, 107, 67, 208, 184, 182, 53, 175, 15];[0, 0, 1, 0, 0, 0, 0, 0, 0, 1, 0, 0, 1, 0, 1, 0, 0, 0, 0, 1, 1, 0, 0, 0, 0, 0, 0, 0, 0, 0, 0, 0, 0, 0, 0, 0, 0, 0, 0, 0, 0, 0, 0, 0, 0, 0, 0, 0, 0, 0, 0, 0, 1, 0, 0, 0, 0, 1, 0, 1, 0, 0, 1, 0, 0, 0, 1, 0, 0, 0, 0, 0, 0, 0, 0, 0, 0, 0, 1, 0, 0, 0, 0, 0, 1, 1, 0, 0, 0, 0, 1, 1, 0, 0, 0, 0, 0, 0, 0, 0, 0, 0, 0, 0, 0, 0, 1, 0, 1, 1, 0, 0, 0, 0, 0, 0, 0, 0, 0, 0, 0, 0, 0, 0, 0, 1, 0, 0, 0, 0, 0, 0, 0, 0, 0, 0, 0, 0, 0, 0, 1, 0, 0, 0, 0, 0, 0, 0, 1, 0, 0, 0, 0, 0, 0, 1, 0, 0, 0, 0, 0, 1, 0, 0, 0, 0, 0, 0, 0, 0, 0, 0, 0, 0, 0, 0, 0, 0, 0, 0, 1, 0, 1, 0, 0, 0, 0, 0, 0, 0, 0, 0, 0, 0, 0, 0, 0, 0, 0, 0, 0, 0, 0, 1, 0, 0, 0, 1, 0, 0, 0, 0, 0, 0, 0, 0, 0, 0, 0, 0, 1, 0, 0, 0, 0, 0, 0, 0, 0, 0, 0, 0, 0, 0, 0, 0, 0, 0, 0, 0, 0, 0, 0, 0, 0, 0, 0, 0, 0, 1, 0, 0, 0, 0, 0, 0, 0, 0, 1, 0, 1, 0, 0, 0, 0, 0, 0, 1, 0, 0, 0, 0, 0, 0, 0, 0, 0, 0, 0];331072.3920612559;33495;1;1.1386863188023668
3;[231, 173, 131, 225, 140, 49, 155, 240, 258, 177, 80, 151, 204, 199, 128, 127, 39, 206, 209, 147, 197, 242, 117, 237, 261, 29, 12, 226, 149, 232, 17, 238, 146, 150, 144, 20, 115, 143, 61, 217, 193, 56, 19, 135, 79, 245, 250, 57, 219, 274, 153, 97, 260, 145, 246, 188, 198, 38, 108, 73, 279, 224, 170, 252, 62, 63, 92, 100, 50, 212, 59, 34, 256, 102, 205, 44, 138, 77, 31, 65, 154, 230, 124, 185, 160, 148, 88, 33, 99, 202, 220, 45, 114, 141, 159, 247, 32, 26, 82, 72, 190, 71, 272, 222, 223, 8, 241, 180, 235, 132, 165, 158, 200, 130, 253, 215, 262, 164, 257, 273, 178, 84, 89, 87, 43, 189, 134, 42, 162, 121, 179, 239, 168, 244, 106, 86, 13, 126, 183, 94, 41, 169, 14, 211, 233, 52, 6, 35, 255, 152, 278, 275, 236, 176, 196, 172, 122, 174, 21, 192, 60, 75, 69, 118, 58, 11, 24, 210, 85, 167, 36, 96, 191, 0, 23, 269, 81, 112, 2, 129, 116, 228, 267, 277, 9, 55, 259, 142, 105, 243, 139, 22, 163, 227, 46, 103, 213, 194, 104, 93, 248, 187, 161, 264, 83, 27, 48, 111, 110, 207, 25, 113, 171, 91, 203, 66, 195, 68, 201, 70, 74, 37, 30, 137, 5, 136, 90, 268, 216, 109, 123, 133, 157, 101, 156, 47, 186, 78, 166, 249, 1, 51, 54, 120, 218, 16, 276, 229, 254, 18, 271, 181, 95, 76, 266, 265, 263, 214, 3, 125, 4, 7, 10, 40, 64, 270, 221, 98, 119, 28, 234, 251, 107, 67, 208, 184, 182, 53, 175, 15];[0, 0, 0, 0, 0, 0, 0, 0, 0, 0, 0, 0, 0, 0, 1, 0, 0, 0, 1, 0, 0, 0, 0, 1, 0, 0, 0, 0, 0, 0, 0, 0, 0, 0, 1, 0, 0, 0, 0, 0, 0, 0, 0, 0, 0, 0, 0, 0, 0, 0, 0, 0, 0, 0, 0, 0, 0, 0, 0, 0, 0, 0, 1, 0, 0, 0, 0, 0, 0, 0, 0, 0, 0, 0, 0, 0, 0, 0, 0, 0, 0, 0, 0, 0, 1, 0, 0, 0, 0, 1, 0, 0, 0, 0, 0, 0, 0, 0, 0, 0, 0, 0, 0, 1, 0, 0, 0, 0, 0, 0, 0, 0, 0, 0, 0, 0, 0, 0, 0, 0, 0, 0, 0, 0, 0, 0, 0, 0, 0, 0, 0, 0, 0, 0, 1, 0, 1, 0, 0, 0, 0, 0, 0, 0, 0, 0, 0, 0, 0, 0, 0, 1, 0, 0, 0, 0, 0, 0, 0, 0, 0, 0, 0, 0, 0, 0, 1, 0, 0, 0, 0, 0, 0, 0, 1, 0, 0, 0, 0, 0, 0, 0, 0, 0, 0, 0, 1, 0, 0, 0, 0, 0, 0, 0, 0, 0, 0, 0, 0, 0, 0, 0, 0, 0, 0, 0, 1, 0, 0, 1, 0, 0, 0, 1, 0, 1, 0, 0, 0, 0, 0, 0, 0, 0, 0, 0, 0, 0, 0, 0, 0, 0, 0, 0, 0, 0, 0, 0, 0, 0, 0, 0, 0, 0, 0, 0, 1, 1, 0, 0, 0, 0, 0, 0, 0, 1, 0, 0, 1, 0, 0, 0, 0, 0, 0, 1, 0, 0, 0, 1, 0, 0, 0, 0, 0, 0, 0, 0, 0];275763.04995023034;31782;1;0.8613136811976332
4;[36, 95, 120, 196, 142, 153, 54, 123, 124, 266, 140, 220, 130, 200, 134, 162, 154, 137, 170, 244, 73, 210, 16, 274, 186, 163, 156, 216, 261, 96, 127, 48, 218, 224, 79, 107, 87, 3, 72, 158, 83, 232, 99, 67, 66, 264, 80, 238, 174, 31, 173, 97, 53, 60, 239, 131, 105, 9, 237, 93, 270, 178, 94, 152, 89, 208, 49, 263, 57, 155, 38, 251, 225, 211, 265, 109, 231, 236, 25, 112, 19, 5, 202, 175, 136, 159, 65, 183, 26, 181, 249, 214, 34, 104, 256, 194, 253, 117, 116, 55, 143, 30, 192, 46, 21, 2, 198, 247, 29, 164, 81, 18, 100, 119, 102, 205, 44, 138, 61, 77, 230, 246, 185, 160, 258, 148, 14, 33, 135, 212, 63, 188, 45, 114, 146, 141, 240, 177, 151, 204, 199, 128, 39, 206, 209, 147, 197, 242, 12, 226, 149, 17, 150, 144, 20, 115, 217, 193, 56, 245, 250, 219, 260, 145, 108, 279, 252, 62, 92, 50, 59, 88, 32, 82, 190, 71, 272, 222, 223, 8, 241, 180, 235, 132, 165, 215, 262, 257, 273, 84, 43, 189, 42, 121, 179, 168, 106, 86, 13, 126, 41, 169, 233, 52, 6, 35, 255, 278, 275, 176, 172, 122, 75, 69, 118, 58, 11, 24, 85, 167, 191, 0, 64, 269, 129, 228, 267, 277, 259, 243, 139, 22, 227, 103, 213, 248, 187, 161, 27, 111, 110, 207, 113, 171, 91, 203, 195, 68, 201, 70, 74, 37, 90, 268, 133, 157, 101, 47, 78, 166, 1, 51, 276, 229, 254, 271, 76, 125, 4, 7, 10, 40, 23, 221, 98, 28, 234, 184, 182, 15];[0, 0, 0, 0, 0, 0, 0, 0, 1, 0, 0, 0, 0, 1, 1, 0, 0, 1, 0, 1, 1, 0, 0, 0, 0, 0, 0, 0, 1, 0, 0, 0, 0, 0, 0, 1, 1, 0, 0, 0, 0, 0, 0, 0, 1, 0, 0, 0, 1, 0, 1, 0, 0, 0, 0, 0, 0, 0, 0, 0, 0, 0, 0, 1, 0, 0, 1, 0, 0, 0, 0, 0, 0, 0, 0, 0, 0, 0, 0, 0, 0, 0, 0, 0, 0, 0, 0, 0, 0, 0, 1, 0, 0, 0, 0, 0, 0, 0, 0, 0, 0, 0, 0, 0, 0, 0, 1, 0, 0, 0, 0, 0, 1, 0, 0, 0, 0, 0, 0, 0, 1, 0, 0, 0, 1, 0, 0, 0, 0, 0, 0, 0, 0, 0, 0, 0, 0, 0, 0, 0, 0, 0, 0, 0, 0, 0, 0, 0, 0, 0, 0, 0, 0, 0, 0, 0, 0, 0, 0, 0, 0, 0, 0, 0, 0, 0, 0, 0, 1, 0, 0, 0, 0, 0, 0, 0, 0, 0, 0, 0, 1, 0, 0, 1, 0, 0, 0, 0, 0, 1, 0, 0, 0, 0, 1, 0, 0, 0, 0, 0, 0, 0, 0, 0, 0, 1, 0, 1, 0, 0, 0, 0, 0, 0, 0, 0, 0, 0, 0, 0, 0, 0, 0, 0, 0, 0, 0, 0, 1, 0, 0, 0, 0, 0, 0, 0, 0, 1, 0, 0, 0, 0, 0, 0, 0, 0, 0, 0, 0, 0, 0, 0, 0, 1, 1, 0, 0, 0, 0, 0, 0, 0, 0, 1, 0, 0, 0, 0, 0, 0, 0, 0, 0, 0, 0, 0, 1, 0, 0];307553.496743961;31948;1;0.5842050889715502
5;[231, 173, 131, 225, 140, 49, 155, 240, 258, 177, 80, 151, 204, 199, 128, 127, 39, 206, 209, 147, 197, 242, 117, 237, 261, 29, 12, 226, 149, 232, 17, 238, 146, 150, 144, 20, 28, 143, 61, 217, 193, 56, 19, 135, 79, 245, 250, 57, 219, 274, 153, 97, 260, 145, 246, 188, 198, 38, 108, 73, 279, 224, 170, 252, 62, 63, 92, 100, 50, 212, 59, 34, 256, 102, 205, 44, 138, 77, 31, 65, 154, 230, 124, 185, 160, 148, 88, 33, 99, 202, 220, 45, 114, 141, 159, 247, 32, 26, 82, 72, 190, 71, 272, 222, 223, 8, 241, 180, 235, 132, 165, 158, 200, 130, 253, 215, 262, 164, 257, 273, 178, 84, 89, 87, 43, 189, 134, 42, 162, 121, 179, 239, 168, 244, 106, 86, 36, 95, 120, 196, 142, 54, 123, 266, 137, 210, 16, 186, 163, 156, 216, 96, 48, 218, 107, 3, 83, 67, 66, 264, 174, 53, 60, 105, 9, 93, 270, 94, 152, 208, 263, 251, 211, 265, 109, 236, 25, 112, 5, 175, 136, 183, 181, 249, 214, 104, 194, 116, 55, 30, 192, 46, 21, 2, 81, 18, 119, 14, 248, 13, 126, 41, 169, 233, 52, 6, 35, 234, 278, 176, 172, 122, 75, 69, 118, 58, 24, 85, 167, 191, 0, 23, 269, 275, 129, 228, 267, 277, 259, 125, 268, 37, 68, 103, 76, 74, 195, 255, 51, 243, 139, 22, 227, 213, 187, 161, 27, 111, 110, 207, 113, 171, 91, 203, 201, 70, 90, 133, 157, 101, 47, 78, 166, 1, 276, 229, 254, 271, 40, 4, 115, 98, 184, 10, 64, 182, 11, 7, 15, 221];[0, 0, 0, 0, 0, 0, 1, 0, 0, 0, 0, 0, 0, 0, 0, 0, 0, 0, 0, 0, 0, 0, 0, 1, 0, 0, 0, 0, 0, 0, 0, 0, 0, 0, 0, 0, 0, 0, 0, 0, 1, 0, 0, 0, 0, 0, 0, 0, 0, 0, 0, 0, 0, 0, 0, 0, 0, 1, 0, 0, 0, 0, 0, 0, 0, 0, 0, 0, 0, 0, 0, 0, 0, 0, 0, 0, 0, 0, 0, 0, 0, 0, 0, 0, 1, 0, 0, 0, 0, 0, 0, 0, 0, 0, 0, 0, 1, 1, 0, 0, 0, 0, 0, 0, 0, 0, 1, 0, 0, 0, 0, 0, 0, 0, 0, 0, 0, 0, 0, 0, 0, 0, 0, 0, 0, 0, 0, 0, 0, 0, 0, 0, 0, 0, 0, 0, 0, 0, 0, 0, 0, 0, 0, 0, 0, 0, 0, 0, 0, 0, 0, 0, 0, 0, 0, 0, 0, 0, 0, 0, 0, 0, 0, 0, 0, 0, 1, 0, 0, 0, 0, 1, 0, 0, 1, 0, 0, 0, 0, 0, 0, 0, 0, 0, 0, 0, 0, 0, 0, 0, 0, 0, 0, 0, 0, 0, 0, 0, 0, 1, 0, 0, 1, 0, 0, 0, 1, 0, 0, 0, 0, 0, 0, 0, 0, 0, 0, 0, 0, 0, 0, 0, 0, 0, 0, 0, 0, 0, 0, 0, 0, 0, 0, 0, 0, 0, 0, 0, 0, 0, 0, 0, 0, 0, 0, 0, 1, 0, 0, 0, 0, 0, 0, 0, 0, 0, 0, 0, 1, 0, 0, 0, 0, 0, 0, 0, 0, 1, 1, 0, 0, 0, 1, 0, 0, 0, 0, 0, 0];268079.42218727607;28281;2;inf
6;[231, 173, 131, 225, 140, 49, 155, 240, 258, 177, 80, 151, 204, 199, 128, 127, 39, 206, 209, 147, 197, 242, 117, 237, 261, 29, 12, 226, 149, 232, 17, 239, 146, 150, 144, 20, 115, 143, 61, 217, 193, 56, 19, 135, 79, 245, 250, 57, 219, 274, 153, 97, 260, 145, 246, 188, 198, 38, 108, 73, 279, 224, 170, 252, 62, 63, 92, 100, 50, 93, 114, 264, 13, 121, 234, 168, 205, 26, 55, 136, 236, 255, 31, 179, 216, 14, 30, 44, 78, 52, 203, 25, 0, 180, 249, 46, 187, 238, 262, 70, 190, 133, 132, 218, 95, 123, 154, 37, 178, 181, 7, 244, 265, 125, 75, 167, 94, 76, 278, 152, 227, 220, 195, 86, 106, 228, 196, 84, 69, 5, 156, 192, 160, 103, 134, 215, 1, 254, 45, 271, 162, 269, 81, 158, 141, 40, 96, 267, 68, 72, 229, 6, 233, 276, 207, 91, 243, 90, 251, 59, 200, 222, 3, 23, 201, 119, 82, 71, 104, 4, 138, 259, 166, 213, 212, 85, 28, 211, 101, 87, 27, 58, 9, 112, 16, 88, 107, 202, 163, 67, 161, 235, 157, 137, 98, 99, 169, 230, 263, 116, 120, 48, 272, 171, 176, 248, 124, 113, 18, 256, 208, 184, 253, 165, 270, 77, 10, 60, 189, 42, 102, 66, 223, 54, 174, 185, 89, 110, 22, 33, 64, 182, 214, 194, 210, 11, 118, 32, 164, 105, 247, 275, 241, 8, 53, 74, 257, 111, 175, 277, 139, 126, 130, 142, 122, 24, 2, 268, 83, 36, 34, 15, 41, 186, 43, 65, 129, 21, 221, 47, 35, 266, 183, 148, 191, 51, 172, 273, 109, 159];[1, 1, 1, 0, 0, 0, 0, 0, 0, 0, 0, 0, 0, 1, 0, 1, 0, 0, 1, 0, 1, 0, 0, 0, 0, 0, 0, 0, 0, 1, 1, 0, 0, 0, 0, 0, 0, 1, 0, 0, 0, 0, 0, 1, 0, 0, 0, 0, 1, 0, 0, 0, 0, 0, 0, 0, 0, 0, 0, 0, 1, 0, 0, 0, 1, 0, 0, 1, 1, 0, 0, 0, 0, 1, 0, 0, 0, 1, 0, 0, 0, 0, 0, 1, 0, 0, 1, 0, 0, 0, 0, 1, 0, 0, 0, 0, 0, 0, 0, 1, 0, 0, 0, 0, 0, 0, 0, 0, 0, 0, 0, 0, 0, 0, 0, 1, 0, 1, 0, 0, 0, 0, 0, 0, 1, 0, 1, 0, 0, 0, 0, 0, 0, 0, 0, 0, 0, 0, 1, 0, 0, 0, 0, 0, 1, 0, 0, 0, 0, 0, 0, 1, 0, 0, 0, 0, 0, 0, 0, 0, 1, 0, 0, 0, 0, 0, 0, 0, 0, 0, 0, 0, 0, 0, 0, 0, 0, 1, 0, 0, 0, 0, 0, 0, 0, 1, 0, 0, 0, 0, 0, 0, 0, 0, 0, 0, 0, 0, 0, 1, 0, 0, 1, 0, 0, 0, 0, 1, 0, 0, 1, 0, 0, 1, 0, 0, 0, 0, 0, 0, 0, 0, 1, 1, 0, 0, 0, 0, 0, 0, 0, 0, 0, 0, 0, 0, 0, 1, 0, 0, 0, 1, 0, 0, 0, 0, 0, 1, 0, 0, 0, 0, 0, 0, 1, 1, 0, 0, 0, 0, 0, 0, 0, 0, 0, 0, 0, 0, 0, 0, 0, 0, 0, 0, 0, 0, 0, 0, 1];573521.942378024;33524;2;inf
7;[231, 173, 131, 225, 140, 49, 155, 240, 258, 177, 80, 151, 204, 199, 128, 127, 39, 206, 209, 147, 197, 242, 117, 237, 261, 29, 12, 226, 149, 232, 17, 239, 146, 150, 144, 20, 115, 143, 61, 217, 116, 142, 26, 105, 219, 243, 277, 139, 42, 22, 163, 227, 278, 85, 44, 46, 103, 74, 194, 73, 104, 178, 93, 248, 38, 187, 161, 162, 84, 169, 233, 205, 264, 167, 83, 172, 27, 279, 212, 273, 48, 65, 0, 223, 21, 111, 110, 154, 246, 207, 25, 165, 260, 220, 256, 113, 171, 91, 203, 130, 202, 272, 66, 71, 52, 94, 195, 68, 211, 201, 43, 55, 70, 213, 134, 37, 252, 118, 33, 241, 82, 30, 145, 137, 228, 262, 92, 5, 88, 152, 192, 136, 90, 89, 268, 216, 109, 244, 13, 123, 274, 133, 75, 121, 157, 101, 156, 47, 186, 114, 78, 8, 170, 166, 249, 247, 6, 58, 1, 51, 54, 100, 120, 218, 16, 276, 229, 257, 254, 183, 32, 63, 230, 18, 2, 45, 124, 97, 189, 148, 210, 253, 10, 271, 236, 181, 95, 176, 9, 76, 269, 50, 188, 224, 112, 141, 35, 34, 266, 41, 190, 87, 259, 265, 168, 106, 86, 263, 191, 108, 122, 275, 158, 11, 193, 196, 214, 174, 3, 132, 56, 14, 79, 222, 125, 23, 4, 77, 129, 267, 185, 24, 7, 238, 57, 153, 119, 19, 40, 64, 60, 270, 245, 160, 221, 62, 200, 31, 250, 98, 215, 59, 69, 28, 72, 235, 135, 198, 234, 255, 179, 180, 81, 96, 251, 138, 107, 67, 99, 208, 184, 102, 182, 164, 53, 175, 126, 36, 15, 159];[0, 0, 0, 0, 0, 0, 1, 0, 0, 1, 0, 1, 0, 0, 0, 0, 0, 0, 0, 0, 0, 0, 0, 0, 0, 0, 0, 0, 0, 0, 1, 0, 0, 0, 0, 0, 0, 0, 0, 0, 0, 0, 0, 0, 0, 0, 0, 0, 0, 0, 1, 0, 0, 0, 1, 0, 0, 0, 1, 0, 0, 0, 1, 1, 0, 0, 1, 0, 0, 0, 0, 0, 1, 0, 0, 0, 1, 1, 0, 0, 0, 0, 0, 0, 0, 1, 0, 0, 0, 1, 0, 0, 0, 0, 0, 0, 0, 0, 0, 0, 0, 0, 0, 0, 0, 0, 0, 0, 0, 0, 0, 0, 1, 0, 0, 0, 0, 0, 0, 0, 0, 0, 0, 0, 1, 0, 1, 0, 0, 0, 0, 0, 1, 0, 0, 0, 0, 0, 0, 0, 0, 0, 0, 0, 0, 0, 0, 0, 1, 0, 0, 0, 0, 0, 0, 0, 0, 0, 1, 0, 0, 0, 0, 1, 0, 0, 0, 0, 0, 0, 0, 0, 0, 0, 0, 0, 0, 0, 0, 0, 0, 0, 0, 0, 0, 0, 0, 0, 0, 0, 0, 0, 0, 1, 0, 0, 0, 1, 0, 0, 0, 0, 0, 0, 0, 0, 0, 0, 0, 0, 0, 0, 0, 0, 1, 0, 0, 0, 0, 0, 0, 0, 0, 1, 0, 0, 0, 0, 0, 0, 0, 0, 0, 1, 0, 0, 0, 0, 0, 0, 0, 0, 0, 0, 0, 0, 0, 1, 0, 0, 0, 0, 0, 0, 0, 0, 1, 0, 0, 0, 1, 0, 0, 0, 0, 0, 0, 0, 0, 0, 0, 0, 0, 0, 0, 0, 0, 0, 1];375681.34295864316;33485;2;0.7154622228454381
8;[231, 173, 131, 225, 140, 49, 155, 37, 31, 178, 181, 7, 193, 244, 224, 265, 240, 258, 177, 80, 151, 204, 199, 128, 127, 39, 206, 209, 147, 197, 242, 117, 237, 261, 29, 12, 226, 52, 232, 17, 239, 146, 150, 144, 20, 115, 143, 61, 217, 56, 19, 135, 79, 245, 250, 57, 219, 274, 153, 97, 260, 145, 246, 188, 198, 38, 108, 73, 279, 170, 252, 62, 63, 92, 100, 50, 212, 119, 34, 256, 102, 205, 44, 138, 77, 65, 154, 230, 124, 185, 160, 148, 88, 33, 99, 202, 220, 45, 114, 141, 159, 247, 32, 26, 82, 72, 190, 71, 272, 222, 223, 8, 241, 180, 235, 132, 165, 158, 200, 130, 253, 215, 262, 164, 257, 273, 84, 89, 195, 43, 189, 134, 42, 162, 121, 179, 238, 168, 106, 86, 13, 126, 183, 94, 41, 169, 14, 211, 233, 149, 6, 35, 234, 152, 278, 275, 236, 176, 196, 172, 122, 174, 21, 192, 60, 75, 69, 118, 58, 11, 24, 210, 85, 167, 36, 96, 191, 0, 23, 269, 81, 116, 142, 105, 243, 277, 139, 22, 163, 227, 46, 103, 213, 194, 104, 93, 248, 187, 161, 264, 83, 27, 48, 111, 110, 207, 25, 113, 171, 91, 203, 66, 87, 68, 201, 55, 70, 74, 30, 137, 228, 5, 136, 90, 268, 216, 109, 123, 133, 157, 101, 156, 47, 186, 78, 166, 249, 1, 51, 54, 120, 218, 16, 276, 229, 254, 18, 2, 271, 95, 9, 76, 112, 266, 259, 263, 214, 3, 125, 4, 129, 267, 10, 40, 64, 270, 221, 98, 59, 28, 255, 251, 107, 67, 208, 184, 182, 53, 175, 15];[0, 1, 1, 0, 0, 0, 0, 0, 0, 1, 0, 0, 0, 0, 0, 0, 0, 0, 1, 0, 0, 0, 1, 0, 0, 0, 0, 0, 0, 0, 0, 0, 0, 0, 0, 0, 0, 0, 0, 0, 0, 0, 0, 1, 0, 1, 0, 0, 0, 0, 1, 0, 0, 0, 0, 0, 0, 0, 0, 0, 0, 0, 0, 0, 0, 0, 1, 0, 0, 0, 0, 0, 0, 0, 0, 0, 0, 1, 0, 0, 0, 0, 0, 0, 0, 1, 0, 0, 0, 0, 1, 0, 0, 0, 0, 0, 0, 0, 0, 0, 1, 0, 0, 1, 0, 0, 0, 0, 0, 0, 0, 0, 0, 0, 0, 0, 0, 0, 0, 0, 0, 0, 0, 0, 0, 0, 1, 0, 0, 0, 1, 0, 0, 0, 0, 0, 0, 0, 1, 0, 1, 0, 0, 0, 0, 0, 0, 0, 0, 0, 1, 0, 0, 1, 0, 0, 0, 0, 0, 0, 0, 0, 0, 0, 0, 0, 0, 0, 0, 0, 0, 0, 0, 0, 0, 0, 1, 0, 0, 0, 1, 1, 0, 0, 0, 0, 0, 0, 0, 0, 0, 0, 0, 0, 0, 0, 0, 0, 0, 0, 0, 0, 0, 0, 0, 0, 0, 0, 0, 0, 0, 0, 0, 0, 0, 0, 0, 0, 0, 0, 1, 0, 0, 1, 0, 0, 0, 0, 0, 0, 0, 0, 0, 0, 0, 0, 0, 0, 0, 0, 0, 0, 0, 0, 1, 0, 0, 1, 0, 1, 0, 0, 1, 0, 0, 0, 0, 0, 0, 1, 0, 1, 0, 0, 0, 0, 0, 0, 0, 0, 0, 0, 0, 0, 0, 0, 0, 0, 0];550646.7630393752;33522;2;0.6551564276236824
9;[22, 34, 182, 227, 7, 221, 96, 115, 259, 46, 256, 55, 211, 77, 219, 213, 179, 224, 5, 102, 117, 94, 240, 134, 143, 56, 36, 41, 124, 110, 142, 135, 239, 169, 226, 232, 32, 148, 86, 157, 79, 257, 40, 274, 245, 201, 165, 184, 106, 132, 263, 0, 273, 156, 17, 154, 255, 78, 267, 123, 87, 238, 171, 152, 126, 101, 170, 185, 275, 24, 14, 253, 192, 234, 181, 187, 21, 168, 116, 75, 266, 74, 104, 206, 210, 70, 76, 212, 58, 11, 137, 119, 114, 164, 265, 200, 214, 129, 138, 222, 215, 203, 193, 162, 198, 139, 261, 195, 225, 235, 197, 39, 278, 23, 29, 243, 131, 251, 218, 229, 173, 15, 89, 88, 178, 277, 85, 83, 103, 27, 3, 9, 48, 153, 28, 163, 35, 90, 248, 140, 269, 166, 67, 109, 279, 155, 91, 10, 107, 33, 208, 92, 249, 50, 176, 72, 204, 8, 26, 244, 62, 108, 99, 112, 18, 128, 4, 66, 73, 60, 59, 82, 276, 172, 65, 228, 144, 186, 149, 151, 237, 100, 146, 64, 250, 54, 118, 6, 125, 43, 147, 199, 202, 2, 13, 191, 95, 42, 175, 159, 52, 136, 180, 97, 122, 205, 220, 127, 53, 207, 167, 111, 272, 160, 258, 105, 47, 231, 44, 194, 93, 38, 161, 84, 233, 264, 223, 246, 25, 260, 113, 130, 71, 68, 12, 217, 37, 252, 177, 241, 30, 145, 150, 262, 51, 268, 216, 133, 121, 247, 61, 141, 270, 16, 80, 20, 242, 57, 158, 1, 98, 63, 81, 190, 120, 271, 209, 183, 31, 254, 236, 188, 189, 230, 196, 174, 49, 19, 45, 69];[0, 0, 0, 0, 0, 0, 0, 0, 0, 0, 0, 0, 0, 0, 0, 0, 0, 0, 0, 0, 0, 0, 0, 0, 0, 0, 0, 0, 0, 0, 0, 0, 0, 0, 0, 0, 0, 0, 0, 0, 0, 0, 0, 0, 0, 0, 0, 0, 0, 0, 0, 0, 0, 0, 0, 0, 0, 0, 0, 0, 0, 0, 0, 0, 0, 0, 1, 0, 1, 0, 0, 0, 0, 0, 0, 0, 0, 0, 0, 0, 1, 0, 0, 0, 0, 0, 0, 0, 1, 0, 0, 0, 0, 0, 1, 0, 0, 0, 0, 0, 0, 0, 0, 0, 0, 0, 0, 1, 0, 0, 0, 0, 0, 0, 0, 0, 0, 0, 0, 0, 1, 0, 0, 0, 0, 0, 0, 0, 0, 0, 0, 0, 0, 0, 0, 1, 0, 1, 0, 1, 0, 0, 0, 0, 0, 0, 0, 0, 0, 0, 0, 0, 0, 0, 0, 0, 0, 0, 1, 0, 0, 0, 0, 0, 0, 0, 1, 0, 0, 0, 0, 1, 0, 0, 0, 0, 0, 0, 0, 0, 0, 0, 0, 0, 0, 0, 0, 1, 0, 0, 0, 0, 0, 0, 0, 1, 0, 0, 0, 0, 0, 1, 0, 0, 0, 0, 0, 0, 1, 0, 0, 0, 0, 0, 0, 0, 1, 0, 0, 1, 0, 0, 1, 0, 1, 0, 0, 0, 0, 0, 0, 0, 0, 0, 0, 0, 0, 0, 0, 0, 0, 0, 0, 1, 0, 1, 0, 0, 0, 0, 0, 0, 0, 0, 0, 0, 0, 0, 0, 0, 0, 0, 0, 0, 0, 0, 0, 0, 0, 0, 0, 1, 1, 0, 0, 0, 0, 0, 0];276444.6935398994;29311;2;0.6094581423673575
10;[231, 173, 131, 225, 140, 49, 155, 240, 258, 177, 80, 151, 204, 199, 128, 127, 39, 206, 209, 147, 197, 242, 117, 237, 261, 29, 12, 226, 149, 232, 17, 238, 146, 150, 144, 20, 115, 143, 61, 217, 193, 56, 19, 135, 79, 245, 250, 57, 219, 274, 153, 97, 260, 145, 246, 188, 198, 38, 108, 73, 279, 224, 170, 252, 62, 63, 92, 100, 50, 212, 119, 34, 256, 102, 205, 44, 138, 77, 31, 65, 154, 230, 124, 185, 160, 148, 88, 33, 99, 202, 220, 45, 114, 141, 159, 247, 32, 26, 82, 72, 190, 71, 272, 222, 223, 8, 241, 180, 235, 132, 165, 158, 200, 130, 253, 215, 262, 164, 257, 273, 178, 84, 89, 87, 43, 189, 134, 42, 162, 121, 179, 239, 168, 244, 106, 86, 13, 126, 183, 94, 41, 169, 14, 211, 233, 52, 6, 35, 234, 152, 278, 275, 236, 176, 196, 172, 122, 174, 21, 192, 60, 75, 69, 118, 58, 11, 24, 210, 85, 167, 36, 96, 191, 0, 23, 269, 81, 112, 2, 129, 116, 228, 267, 277, 9, 55, 259, 142, 105, 243, 139, 22, 163, 227, 46, 103, 213, 194, 104, 93, 248, 187, 161, 264, 83, 27, 48, 111, 110, 207, 25, 113, 171, 91, 203, 66, 195, 68, 201, 70, 74, 37, 30, 137, 5, 136, 90, 268, 216, 109, 123, 133, 157, 101, 156, 47, 186, 78, 166, 249, 1, 51, 54, 120, 218, 16, 276, 229, 254, 18, 271, 181, 95, 76, 266, 265, 263, 214, 3, 125, 4, 7, 10, 40, 64, 270, 221, 98, 59, 28, 255, 251, 107, 67, 208, 184, 182, 53, 175, 15];[0, 0, 0, 1, 0, 0, 0, 0, 0, 0, 0, 0, 0, 0, 0, 0, 0, 0, 0, 0, 0, 0, 0, 0, 0, 0, 0, 0, 0, 0, 0, 0, 1, 0, 1, 0, 0, 0, 0, 1, 0, 0, 0, 0, 0, 0, 1, 0, 0, 1, 0, 0, 1, 0, 0, 0, 0, 1, 0, 1, 1, 0, 0, 0, 0, 0, 0, 0, 0, 0, 0, 0, 0, 0, 0, 1, 0, 0, 0, 0, 0, 0, 0, 0, 0, 0, 0, 0, 0, 0, 0, 0, 0, 0, 0, 0, 0, 1, 0, 1, 0, 0, 0, 0, 1, 0, 0, 0, 0, 0, 0, 0, 0, 0, 0, 0, 0, 0, 1, 0, 0, 0, 0, 0, 0, 0, 0, 0, 0, 0, 0, 0, 0, 0, 0, 1, 1, 0, 0, 0, 0, 0, 0, 0, 0, 0, 0, 0, 0, 0, 0, 0, 0, 0, 0, 0, 0, 0, 0, 0, 0, 0, 0, 0, 0, 0, 0, 0, 0, 0, 0, 1, 0, 0, 1, 0, 0, 0, 0, 0, 0, 0, 0, 0, 0, 1, 0, 0, 0, 0, 0, 0, 0, 0, 0, 0, 0, 0, 0, 0, 0, 0, 0, 0, 0, 0, 0, 0, 0, 0, 0, 0, 0, 1, 0, 0, 0, 0, 0, 0, 0, 0, 0, 0, 0, 0, 0, 0, 0, 1, 0, 0, 0, 0, 0, 0, 1, 0, 0, 0, 1, 0, 0, 1, 0, 0, 1, 0, 0, 0, 0, 0, 0, 1, 0, 0, 0, 0, 0, 0, 0, 0, 0, 0, 0, 0, 0, 0, 0, 0, 0, 0, 0, 0, 0, 0, 0, 0, 1];281035.18586691923;31254;2;0.4614008553310588
11;[36, 95, 120, 196, 142, 153, 54, 123, 124, 266, 140, 220, 130, 200, 134, 162, 154, 137, 170, 244, 73, 210, 16, 274, 186, 163, 156, 216, 261, 96, 127, 48, 218, 224, 79, 107, 87, 3, 72, 158, 83, 232, 99, 67, 66, 264, 80, 238, 174, 31, 173, 97, 53, 60, 239, 131, 105, 9, 237, 93, 270, 178, 94, 152, 89, 208, 49, 263, 57, 155, 38, 251, 225, 211, 265, 109, 231, 236, 25, 112, 19, 5, 202, 175, 136, 159, 65, 183, 26, 181, 249, 214, 34, 104, 256, 194, 253, 117, 116, 55, 143, 30, 192, 46, 21, 2, 198, 247, 29, 164, 81, 18, 100, 129, 102, 205, 44, 138, 61, 77, 230, 246, 185, 160, 258, 148, 88, 33, 135, 212, 63, 188, 45, 114, 146, 141, 248, 32, 20, 240, 82, 226, 190, 71, 272, 219, 222, 223, 8, 241, 180, 235, 132, 165, 215, 39, 262, 257, 273, 84, 43, 189, 108, 42, 121, 179, 168, 177, 151, 204, 199, 128, 206, 209, 147, 197, 242, 12, 17, 150, 144, 115, 217, 193, 56, 245, 250, 260, 145, 279, 252, 62, 92, 50, 59, 106, 86, 13, 126, 41, 169, 14, 233, 52, 6, 35, 234, 278, 275, 176, 172, 122, 75, 69, 118, 58, 11, 24, 85, 167, 191, 0, 23, 269, 119, 228, 267, 277, 259, 243, 139, 22, 227, 103, 213, 187, 161, 27, 111, 110, 207, 113, 171, 91, 203, 195, 68, 201, 70, 74, 37, 90, 268, 133, 157, 101, 149, 47, 78, 166, 1, 51, 276, 229, 254, 271, 76, 125, 4, 7, 10, 40, 64, 221, 98, 28, 255, 184, 182, 15];[0, 0, 1, 0, 0, 0, 0, 0, 0, 0, 0, 0, 0, 0, 0, 0, 0, 0, 0, 1, 0, 1, 0, 0, 1, 1, 1, 0, 0, 0, 0, 0, 0, 0, 0, 0, 0, 0, 0, 0, 0, 0, 0, 0, 0, 0, 0, 1, 0, 0, 1, 0, 0, 0, 1, 0, 0, 0, 0, 1, 0, 0, 0, 0, 0, 1, 0, 0, 0, 0, 0, 0, 0, 0, 0, 0, 0, 0, 0, 0, 0, 0, 0, 0, 0, 0, 1, 0, 1, 0, 1, 0, 0, 0, 0, 0, 0, 1, 0, 0, 0, 0, 0, 1, 0, 0, 0, 0, 0, 0, 0, 0, 0, 0, 0, 0, 0, 0, 0, 0, 1, 1, 0, 0, 1, 0, 0, 0, 0, 0, 0, 0, 0, 0, 0, 0, 0, 0, 0, 0, 0, 0, 0, 0, 0, 0, 0, 0, 0, 1, 0, 1, 0, 0, 0, 1, 0, 0, 0, 0, 0, 0, 0, 0, 0, 0, 0, 0, 0, 0, 0, 0, 0, 0, 0, 0, 0, 0, 0, 0, 0, 1, 0, 1, 0, 0, 0, 0, 0, 0, 0, 0, 0, 0, 0, 0, 0, 0, 0, 0, 0, 0, 0, 0, 0, 0, 0, 0, 0, 0, 0, 0, 0, 0, 0, 0, 0, 0, 0, 0, 0, 0, 0, 0, 1, 0, 1, 0, 0, 0, 0, 0, 0, 0, 0, 0, 0, 0, 0, 0, 0, 0, 0, 0, 0, 0, 0, 0, 0, 1, 0, 0, 0, 0, 1, 0, 0, 1, 0, 0, 0, 0, 0, 0, 0, 0, 0, 0, 0, 1, 1, 1, 0, 0, 0, 0, 0, 1, 1];373942.8510119797;32804;2;0.20269362780498523
12;[116, 142, 26, 105, 219, 243, 277, 139, 42, 231, 22, 163, 227, 278, 158, 44, 46, 103, 213, 194, 73, 104, 178, 80, 93, 248, 38, 187, 161, 162, 84, 169, 233, 205, 264, 167, 83, 172, 27, 279, 206, 212, 273, 48, 240, 65, 0, 223, 21, 111, 110, 154, 246, 207, 25, 165, 260, 146, 220, 256, 113, 171, 91, 203, 130, 202, 272, 66, 71, 52, 94, 195, 68, 211, 12, 217, 34, 182, 7, 221, 96, 115, 259, 55, 77, 179, 224, 5, 102, 117, 134, 143, 56, 36, 41, 124, 135, 239, 226, 232, 32, 148, 86, 157, 79, 257, 40, 274, 245, 201, 184, 106, 132, 263, 156, 17, 255, 78, 267, 123, 87, 238, 152, 126, 101, 170, 185, 275, 24, 14, 253, 192, 234, 181, 168, 75, 266, 74, 210, 70, 76, 58, 11, 137, 119, 114, 164, 265, 200, 214, 129, 138, 222, 215, 193, 198, 261, 225, 235, 197, 23, 29, 131, 251, 218, 229, 173, 15, 89, 88, 3, 9, 153, 28, 35, 90, 140, 269, 166, 67, 49, 155, 258, 177, 39, 151, 204, 199, 128, 127, 209, 147, 242, 237, 149, 150, 144, 20, 61, 19, 250, 57, 97, 145, 188, 108, 252, 62, 63, 92, 100, 50, 13, 121, 136, 236, 31, 216, 30, 180, 249, 262, 190, 133, 95, 228, 196, 69, 160, 1, 254, 45, 271, 81, 141, 72, 6, 276, 59, 82, 4, 85, 112, 16, 107, 244, 43, 37, 118, 33, 241, 268, 109, 47, 186, 8, 247, 51, 54, 120, 183, 2, 18, 230, 189, 10, 176, 191, 122, 174, 125, 64, 60, 270, 98, 99, 208, 53, 175, 159];[0, 0, 0, 0, 0, 0, 0, 0, 0, 1, 1, 0, 0, 0, 0, 0, 0, 0, 0, 0, 0, 1, 0, 0, 0, 1, 0, 0, 0, 0, 1, 0, 0, 0, 0, 0, 0, 0, 0, 0, 0, 0, 0, 0, 0, 0, 0, 0, 0, 1, 0, 0, 0, 0, 0, 0, 0, 0, 0, 0, 0, 1, 0, 0, 0, 0, 0, 0, 1, 0, 0, 1, 0, 0, 0, 0, 0, 0, 0, 0, 0, 0, 0, 0, 0, 0, 0, 0, 0, 0, 1, 0, 0, 0, 1, 0, 0, 1, 1, 0, 1, 0, 0, 0, 0, 0, 0, 1, 0, 0, 0, 0, 0, 0, 0, 0, 0, 0, 1, 0, 1, 1, 1, 0, 0, 0, 0, 0, 0, 0, 0, 0, 0, 0, 0, 0, 0, 0, 0, 1, 0, 0, 0, 0, 0, 0, 0, 0, 0, 0, 0, 0, 0, 0, 0, 0, 0, 0, 0, 0, 0, 0, 0, 0, 0, 0, 0, 0, 0, 0, 0, 0, 0, 0, 0, 0, 0, 0, 0, 0, 0, 0, 0, 0, 0, 0, 0, 0, 1, 0, 0, 0, 0, 0, 0, 0, 0, 0, 1, 0, 0, 0, 0, 0, 0, 0, 0, 1, 0, 0, 0, 0, 1, 1, 0, 0, 0, 0, 0, 0, 0, 0, 0, 0, 0, 0, 0, 0, 0, 0, 0, 0, 0, 0, 0, 0, 0, 0, 0, 0, 1, 1, 0, 0, 0, 0, 0, 0, 0, 0, 0, 1, 0, 0, 0, 0, 0, 0, 0, 0, 0, 0, 0, 0, 0, 0, 1, 0, 0, 1, 0, 0, 0, 0, 1, 0, 0, 0, 0];300279.1537165447;31321;2;0.15797155960760095
13;[37, 31, 178, 181, 7, 193, 244, 224, 265, 125, 75, 272, 198, 11, 26, 141, 150, 135, 0, 46, 116, 142, 105, 231, 173, 131, 225, 140, 49, 155, 240, 258, 177, 80, 151, 204, 199, 128, 127, 39, 206, 209, 147, 197, 242, 117, 237, 261, 29, 12, 226, 52, 232, 17, 239, 146, 144, 20, 115, 143, 61, 217, 56, 19, 79, 245, 250, 268, 219, 274, 153, 97, 260, 145, 246, 188, 38, 108, 73, 279, 170, 252, 62, 63, 92, 100, 50, 212, 119, 34, 256, 102, 205, 44, 138, 77, 65, 154, 230, 124, 185, 160, 148, 88, 33, 99, 202, 220, 45, 114, 159, 247, 32, 82, 72, 190, 71, 222, 223, 8, 241, 180, 235, 132, 165, 158, 200, 130, 253, 215, 262, 164, 257, 273, 84, 89, 195, 43, 189, 134, 42, 162, 121, 179, 238, 168, 106, 86, 13, 126, 183, 94, 41, 169, 14, 211, 233, 149, 6, 35, 234, 152, 278, 275, 236, 176, 196, 172, 122, 174, 21, 192, 60, 69, 118, 58, 24, 210, 85, 167, 36, 96, 191, 23, 269, 81, 243, 277, 139, 22, 163, 227, 103, 213, 194, 104, 93, 248, 187, 161, 264, 83, 27, 48, 111, 110, 207, 25, 113, 171, 91, 203, 66, 87, 68, 201, 55, 70, 74, 30, 137, 228, 5, 136, 90, 57, 216, 109, 123, 133, 157, 101, 156, 47, 186, 78, 166, 249, 1, 51, 54, 120, 218, 16, 276, 229, 254, 18, 2, 271, 95, 9, 76, 112, 266, 259, 263, 214, 3, 4, 129, 267, 10, 40, 64, 270, 221, 98, 59, 28, 255, 251, 107, 67, 208, 184, 182, 53, 175, 15];[0, 0, 1, 0, 1, 0, 0, 0, 0, 0, 0, 0, 1, 0, 1, 1, 0, 0, 0, 0, 0, 0, 0, 0, 0, 0, 0, 0, 0, 0, 0, 0, 1, 0, 0, 0, 0, 0, 0, 0, 0, 0, 0, 0, 0, 0, 0, 0, 0, 0, 0, 0, 0, 0, 0, 0, 0, 1, 0, 0, 0, 0, 0, 0, 0, 0, 1, 0, 0, 0, 0, 0, 0, 0, 0, 0, 0, 0, 0, 0, 0, 0, 0, 0, 0, 0, 0, 0, 0, 0, 0, 0, 0, 0, 0, 0, 0, 0, 0, 0, 0, 0, 0, 1, 0, 0, 0, 0, 1, 0, 0, 0, 0, 0, 0, 0, 0, 0, 0, 1, 0, 0, 1, 0, 0, 1, 0, 0, 0, 1, 0, 0, 0, 0, 0, 0, 0, 0, 0, 1, 0, 1, 0, 0, 0, 0, 0, 0, 0, 0, 0, 0, 0, 0, 0, 0, 0, 0, 1, 0, 0, 0, 0, 1, 0, 0, 0, 1, 0, 0, 1, 0, 0, 0, 0, 1, 0, 0, 0, 0, 0, 0, 0, 1, 0, 0, 0, 0, 1, 1, 0, 0, 0, 0, 0, 0, 0, 0, 0, 0, 0, 0, 0, 0, 0, 0, 0, 0, 0, 0, 1, 0, 0, 0, 0, 0, 0, 0, 0, 0, 1, 0, 0, 1, 0, 0, 0, 0, 0, 0, 0, 0, 0, 0, 0, 0, 0, 0, 1, 0, 0, 0, 0, 0, 0, 0, 0, 0, 0, 0, 1, 0, 0, 0, 0, 0, 0, 0, 0, 0, 0, 0, 0, 0, 0, 0, 1, 0, 0, 0, 1, 0, 0, 0, 0, 0, 0, 0, 0];324046.8044381606;31868;2;0.1407994183366998
14;[37, 31, 178, 181, 7, 193, 244, 224, 265, 125, 75, 272, 198, 11, 26, 141, 150, 135, 0, 46, 100, 109, 242, 108, 93, 4, 86, 25, 87, 97, 239, 59, 177, 36, 238, 207, 124, 45, 79, 73, 228, 22, 251, 128, 217, 40, 18, 169, 24, 10, 151, 6, 116, 176, 223, 98, 234, 241, 54, 91, 164, 144, 49, 233, 81, 56, 16, 159, 17, 149, 246, 157, 218, 5, 29, 172, 8, 50, 214, 185, 267, 122, 276, 208, 247, 104, 132, 53, 253, 273, 167, 95, 120, 196, 142, 153, 220, 123, 266, 140, 130, 200, 134, 162, 154, 137, 170, 210, 274, 186, 163, 156, 216, 261, 96, 127, 48, 107, 3, 72, 158, 83, 232, 99, 67, 66, 264, 80, 174, 173, 60, 131, 105, 9, 237, 270, 94, 152, 89, 65, 263, 57, 155, 38, 225, 211, 231, 236, 112, 19, 202, 175, 136, 183, 249, 34, 256, 194, 117, 55, 143, 30, 192, 21, 2, 119, 102, 205, 44, 138, 61, 77, 230, 160, 258, 148, 14, 33, 212, 63, 188, 114, 146, 240, 204, 199, 39, 206, 209, 147, 197, 12, 226, 20, 115, 245, 250, 219, 260, 145, 279, 252, 62, 92, 88, 32, 82, 190, 71, 222, 180, 235, 165, 215, 262, 257, 84, 43, 189, 42, 121, 179, 168, 106, 13, 126, 41, 52, 35, 255, 248, 278, 69, 118, 58, 85, 191, 23, 269, 275, 129, 277, 259, 268, 68, 103, 76, 195, 51, 243, 139, 227, 213, 187, 161, 27, 111, 110, 74, 113, 171, 203, 201, 70, 90, 133, 101, 47, 78, 166, 1, 229, 254, 271, 64, 221, 28, 184, 182, 15];[1, 0, 0, 0, 0, 1, 0, 0, 0, 0, 0, 1, 0, 0, 1, 0, 0, 1, 0, 0, 0, 0, 0, 0, 0, 0, 0, 0, 0, 0, 0, 1, 0, 0, 0, 0, 0, 0, 0, 0, 0, 0, 0, 0, 0, 0, 1, 1, 0, 1, 0, 0, 0, 0, 0, 0, 0, 0, 0, 0, 0, 0, 0, 0, 0, 0, 0, 0, 0, 0, 1, 0, 0, 0, 0, 0, 0, 0, 1, 0, 0, 0, 0, 0, 0, 1, 0, 0, 0, 0, 1, 0, 0, 0, 1, 0, 0, 0, 0, 0, 0, 0, 1, 1, 0, 0, 0, 0, 0, 0, 1, 0, 0, 0, 0, 0, 0, 0, 0, 0, 0, 0, 0, 0, 0, 0, 0, 0, 0, 0, 0, 0, 0, 0, 0, 0, 1, 0, 0, 0, 0, 0, 0, 0, 0, 0, 0, 0, 0, 0, 0, 0, 0, 0, 0, 0, 0, 0, 1, 0, 0, 0, 1, 0, 0, 0, 0, 0, 0, 0, 0, 0, 0, 0, 0, 0, 0, 0, 0, 0, 0, 0, 0, 1, 0, 0, 0, 0, 0, 0, 0, 0, 0, 1, 0, 0, 0, 0, 0, 0, 0, 1, 0, 0, 0, 0, 0, 0, 0, 0, 0, 0, 0, 0, 0, 0, 0, 0, 0, 0, 0, 0, 1, 1, 0, 0, 0, 0, 0, 0, 0, 0, 0, 0, 0, 0, 0, 0, 0, 0, 0, 0, 0, 0, 0, 0, 0, 0, 0, 0, 0, 0, 0, 0, 1, 1, 0, 1, 0, 0, 0, 0, 0, 0, 0, 0, 0, 0, 0, 0, 0, 0, 1, 0, 0, 0, 0, 0, 0];345032.7927009475;32014;2;0.14035717116205138
15;[36, 95, 120, 196, 142, 153, 54, 123, 124, 266, 140, 220, 130, 200, 134, 162, 154, 137, 170, 244, 73, 210, 16, 274, 186, 163, 156, 216, 261, 96, 127, 48, 218, 224, 79, 107, 87, 3, 72, 158, 83, 232, 99, 67, 66, 264, 80, 238, 174, 31, 173, 97, 53, 60, 239, 131, 105, 9, 237, 93, 270, 178, 94, 152, 89, 208, 49, 263, 57, 155, 38, 251, 225, 211, 265, 109, 231, 236, 25, 112, 19, 5, 202, 175, 136, 159, 65, 183, 26, 181, 249, 214, 34, 104, 256, 194, 253, 117, 116, 55, 143, 30, 192, 46, 21, 2, 198, 247, 29, 164, 81, 18, 100, 119, 102, 205, 44, 138, 61, 77, 230, 246, 185, 160, 258, 148, 14, 33, 135, 212, 63, 188, 45, 114, 146, 141, 248, 32, 20, 240, 82, 226, 190, 71, 272, 219, 222, 223, 8, 241, 180, 235, 132, 165, 215, 39, 262, 257, 273, 84, 43, 189, 108, 42, 121, 179, 168, 177, 106, 86, 13, 126, 150, 41, 169, 88, 233, 52, 6, 35, 234, 278, 176, 151, 172, 245, 122, 75, 149, 69, 118, 58, 17, 24, 85, 167, 193, 191, 0, 23, 269, 275, 129, 228, 267, 277, 259, 125, 268, 37, 62, 68, 103, 209, 92, 206, 76, 115, 74, 195, 255, 51, 243, 139, 22, 227, 213, 187, 161, 27, 279, 111, 110, 207, 260, 113, 171, 91, 203, 12, 217, 201, 70, 252, 145, 90, 133, 157, 101, 47, 78, 147, 166, 199, 1, 276, 229, 254, 271, 204, 128, 197, 242, 144, 56, 250, 50, 40, 59, 4, 28, 98, 184, 10, 64, 182, 11, 7, 15, 221];[0, 1, 0, 0, 0, 0, 0, 1, 0, 1, 0, 0, 0, 0, 1, 0, 0, 1, 0, 0, 0, 0, 0, 0, 0, 0, 0, 0, 1, 0, 1, 0, 0, 0, 0, 0, 0, 0, 0, 0, 0, 0, 0, 1, 0, 0, 0, 0, 0, 0, 1, 0, 0, 0, 0, 0, 1, 0, 0, 0, 1, 0, 0, 0, 0, 0, 1, 1, 0, 1, 0, 0, 0, 0, 0, 0, 0, 0, 0, 1, 1, 0, 0, 0, 1, 0, 1, 1, 0, 1, 0, 0, 0, 0, 0, 0, 1, 0, 1, 0, 0, 0, 0, 0, 0, 0, 0, 0, 0, 1, 0, 0, 0, 0, 0, 0, 0, 0, 0, 0, 1, 0, 0, 0, 0, 1, 0, 0, 0, 0, 0, 0, 0, 0, 0, 0, 0, 0, 0, 0, 0, 0, 0, 0, 0, 0, 0, 0, 0, 0, 0, 1, 0, 0, 0, 0, 0, 0, 0, 0, 0, 0, 0, 0, 0, 0, 0, 0, 0, 0, 1, 0, 0, 0, 0, 0, 0, 0, 0, 0, 0, 0, 0, 0, 0, 1, 0, 0, 0, 0, 0, 0, 0, 0, 0, 0, 0, 0, 0, 0, 0, 0, 0, 1, 0, 0, 0, 1, 0, 0, 0, 0, 0, 0, 0, 0, 0, 0, 0, 1, 0, 0, 0, 0, 0, 0, 0, 0, 1, 0, 0, 0, 0, 0, 0, 0, 0, 0, 0, 0, 0, 0, 1, 0, 0, 0, 0, 0, 0, 1, 0, 0, 0, 0, 1, 0, 1, 0, 1, 0, 0, 0, 0, 0, 0, 0, 0, 0, 0, 0, 0, 0, 0, 0, 0, 0, 0, 0, 0];310469.3402834152;31577;2;0.1378974744628014
16;[231, 173, 131, 225, 140, 49, 155, 240, 258, 177, 80, 151, 204, 199, 128, 127, 39, 206, 209, 147, 197, 242, 117, 237, 261, 29, 12, 226, 149, 232, 17, 239, 146, 150, 144, 20, 115, 143, 61, 217, 193, 56, 19, 135, 79, 245, 250, 57, 219, 274, 153, 97, 260, 145, 246, 188, 198, 38, 108, 73, 279, 224, 170, 252, 62, 63, 92, 100, 50, 212, 119, 34, 256, 102, 205, 44, 138, 77, 31, 65, 154, 230, 124, 185, 160, 148, 88, 33, 99, 202, 220, 45, 114, 141, 159, 247, 32, 26, 82, 72, 190, 71, 272, 222, 223, 8, 241, 180, 235, 132, 165, 158, 200, 130, 253, 215, 262, 164, 257, 273, 178, 84, 89, 87, 43, 189, 134, 42, 162, 121, 179, 238, 168, 244, 106, 86, 13, 126, 183, 94, 41, 169, 14, 211, 233, 52, 6, 35, 234, 152, 278, 275, 236, 176, 196, 172, 122, 174, 21, 192, 60, 75, 69, 118, 58, 11, 24, 210, 85, 167, 36, 96, 191, 0, 23, 269, 81, 112, 2, 129, 116, 228, 267, 277, 9, 55, 259, 125, 268, 18, 46, 263, 37, 83, 175, 109, 67, 68, 103, 3, 156, 255, 110, 186, 161, 216, 139, 243, 95, 166, 76, 93, 66, 229, 251, 10, 40, 195, 16, 133, 98, 123, 221, 25, 15, 90, 201, 266, 194, 218, 107, 171, 187, 120, 101, 184, 104, 270, 47, 249, 48, 213, 207, 22, 4, 59, 105, 265, 28, 276, 113, 70, 136, 203, 30, 78, 163, 142, 248, 214, 5, 271, 254, 137, 157, 54, 27, 1, 208, 51, 111, 64, 182, 74, 227, 181, 7, 53, 264, 91];[0, 0, 0, 1, 0, 0, 0, 0, 1, 0, 0, 0, 0, 0, 1, 0, 0, 0, 0, 1, 1, 1, 0, 0, 0, 0, 0, 0, 0, 1, 0, 1, 0, 1, 1, 0, 0, 0, 0, 0, 0, 0, 1, 0, 1, 0, 0, 0, 0, 1, 0, 0, 1, 1, 0, 0, 0, 0, 0, 0, 0, 0, 0, 0, 0, 0, 0, 0, 0, 0, 0, 0, 0, 0, 0, 0, 0, 0, 0, 0, 0, 0, 0, 0, 0, 0, 1, 0, 0, 0, 0, 0, 0, 0, 0, 1, 0, 1, 0, 0, 0, 0, 0, 0, 0, 0, 0, 0, 0, 0, 0, 0, 0, 0, 0, 1, 0, 0, 0, 1, 1, 0, 0, 0, 0, 0, 0, 0, 0, 0, 0, 0, 0, 0, 0, 0, 1, 0, 0, 0, 0, 1, 1, 0, 0, 0, 0, 0, 0, 0, 0, 0, 0, 0, 0, 1, 0, 0, 0, 0, 0, 0, 0, 0, 0, 0, 0, 0, 0, 0, 0, 1, 0, 0, 0, 0, 0, 0, 0, 0, 0, 0, 0, 0, 0, 0, 1, 0, 0, 0, 0, 0, 0, 1, 0, 0, 0, 0, 0, 0, 0, 0, 0, 0, 0, 0, 0, 0, 0, 0, 0, 0, 1, 1, 0, 0, 0, 0, 0, 0, 0, 0, 0, 1, 1, 0, 0, 0, 0, 1, 0, 0, 0, 0, 0, 0, 1, 0, 0, 0, 0, 0, 0, 0, 0, 0, 0, 0, 0, 0, 0, 0, 0, 0, 0, 0, 1, 0, 0, 0, 0, 0, 0, 0, 0, 0, 0, 0, 0, 0, 0, 0, 0, 0, 0, 0, 0, 0, 1];362282.7494858601;32410;2;0.12137801756320221
17;[36, 95, 120, 196, 142, 153, 54, 123, 124, 266, 140, 220, 130, 200, 134, 162, 154, 137, 170, 244, 73, 210, 16, 274, 186, 163, 156, 216, 261, 96, 127, 48, 218, 224, 79, 107, 87, 3, 72, 158, 83, 232, 99, 67, 66, 264, 80, 238, 174, 31, 173, 97, 53, 60, 239, 131, 105, 9, 237, 93, 270, 178, 94, 152, 89, 208, 49, 263, 57, 155, 38, 251, 225, 211, 265, 109, 231, 236, 25, 112, 19, 5, 202, 175, 136, 159, 65, 183, 26, 181, 249, 214, 34, 104, 256, 194, 253, 117, 116, 55, 143, 30, 192, 46, 21, 2, 198, 247, 29, 164, 81, 18, 100, 119, 102, 205, 44, 138, 61, 77, 230, 246, 185, 160, 258, 148, 88, 33, 135, 212, 63, 188, 45, 114, 146, 141, 248, 32, 20, 240, 82, 226, 190, 71, 272, 219, 222, 223, 8, 241, 180, 235, 132, 165, 215, 39, 262, 257, 273, 84, 43, 189, 108, 42, 121, 179, 168, 177, 106, 86, 13, 126, 150, 41, 169, 14, 233, 52, 6, 35, 234, 278, 176, 151, 172, 245, 122, 75, 149, 69, 118, 58, 17, 24, 85, 167, 193, 191, 0, 23, 269, 275, 129, 228, 267, 277, 259, 125, 268, 37, 62, 68, 103, 209, 92, 206, 76, 115, 74, 195, 255, 51, 243, 139, 22, 227, 213, 187, 161, 27, 279, 111, 110, 207, 260, 113, 171, 91, 203, 12, 217, 201, 70, 252, 145, 90, 133, 157, 101, 47, 78, 147, 166, 199, 1, 276, 229, 254, 271, 50, 128, 204, 197, 11, 56, 4, 7, 144, 10, 40, 64, 242, 250, 221, 98, 59, 28, 184, 182, 15];[0, 0, 1, 0, 0, 0, 0, 0, 0, 0, 0, 0, 0, 0, 0, 0, 0, 1, 0, 1, 0, 1, 0, 0, 0, 0, 1, 0, 1, 1, 0, 0, 0, 0, 0, 0, 0, 0, 0, 0, 0, 0, 0, 0, 0, 1, 0, 0, 0, 0, 0, 1, 0, 0, 0, 0, 0, 0, 1, 0, 0, 0, 0, 1, 1, 0, 1, 1, 0, 0, 1, 0, 0, 0, 0, 1, 0, 0, 0, 0, 0, 0, 0, 0, 0, 0, 0, 1, 0, 0, 0, 0, 0, 0, 0, 0, 0, 0, 1, 0, 0, 0, 0, 1, 0, 0, 0, 0, 0, 0, 0, 0, 1, 0, 0, 0, 0, 0, 0, 0, 1, 1, 0, 1, 0, 1, 1, 0, 0, 0, 0, 0, 0, 0, 1, 0, 0, 0, 1, 0, 0, 0, 0, 0, 0, 0, 0, 0, 0, 0, 0, 1, 0, 0, 0, 0, 0, 0, 0, 0, 0, 0, 0, 0, 0, 0, 1, 0, 0, 0, 0, 0, 1, 0, 0, 0, 0, 0, 0, 0, 0, 0, 0, 0, 0, 0, 0, 0, 0, 0, 0, 0, 0, 0, 0, 0, 0, 1, 0, 0, 0, 0, 0, 1, 0, 0, 0, 1, 0, 0, 0, 0, 0, 0, 0, 0, 0, 0, 0, 0, 0, 0, 0, 0, 0, 0, 1, 0, 1, 0, 0, 0, 0, 0, 0, 0, 0, 0, 0, 0, 0, 0, 0, 0, 0, 0, 0, 0, 0, 1, 0, 0, 0, 0, 0, 0, 1, 0, 0, 0, 0, 0, 0, 0, 0, 0, 0, 0, 0, 0, 0, 0, 0, 1, 0, 0, 0, 0, 0];363813.0286288196;32626;2;0.11332227042866633
18;[231, 173, 131, 225, 140, 49, 155, 240, 258, 177, 80, 151, 204, 199, 128, 127, 39, 206, 209, 147, 197, 242, 117, 237, 261, 29, 12, 226, 149, 232, 17, 238, 146, 150, 144, 20, 115, 143, 61, 217, 22, 56, 19, 135, 79, 245, 250, 57, 219, 274, 153, 97, 260, 145, 246, 188, 198, 38, 108, 73, 279, 224, 170, 252, 62, 63, 92, 100, 50, 212, 119, 34, 256, 102, 205, 44, 138, 77, 31, 65, 154, 230, 124, 185, 160, 148, 88, 33, 99, 202, 220, 45, 114, 141, 159, 247, 32, 26, 82, 72, 190, 71, 272, 222, 223, 8, 241, 180, 235, 132, 165, 158, 200, 130, 253, 215, 262, 164, 257, 273, 178, 84, 89, 87, 43, 189, 134, 42, 162, 121, 179, 239, 168, 244, 106, 86, 13, 126, 183, 94, 41, 169, 14, 211, 233, 52, 6, 35, 234, 152, 278, 275, 236, 176, 196, 172, 122, 174, 21, 192, 60, 75, 69, 118, 58, 11, 24, 210, 85, 167, 36, 96, 191, 0, 23, 269, 81, 112, 2, 129, 116, 228, 267, 277, 9, 55, 259, 142, 105, 243, 139, 193, 163, 227, 46, 103, 213, 194, 104, 93, 248, 187, 161, 264, 83, 27, 48, 111, 110, 207, 25, 113, 171, 91, 203, 66, 195, 68, 201, 70, 74, 37, 30, 137, 5, 136, 90, 268, 216, 109, 123, 133, 157, 101, 156, 47, 186, 78, 166, 249, 1, 51, 54, 120, 218, 16, 276, 229, 254, 18, 271, 181, 95, 76, 266, 265, 263, 214, 3, 125, 4, 7, 10, 40, 64, 270, 221, 98, 59, 28, 255, 251, 107, 67, 208, 184, 182, 53, 175, 15];[0, 0, 0, 1, 0, 0, 0, 0, 0, 0, 0, 0, 1, 0, 0, 0, 0, 0, 0, 1, 0, 0, 0, 0, 0, 0, 0, 0, 0, 0, 0, 0, 0, 0, 0, 0, 0, 0, 0, 0, 0, 0, 0, 0, 0, 0, 1, 0, 0, 0, 0, 0, 1, 0, 0, 0, 0, 0, 1, 0, 1, 0, 0, 0, 0, 1, 0, 0, 0, 0, 0, 0, 0, 0, 0, 0, 0, 0, 1, 0, 0, 0, 0, 1, 0, 0, 0, 0, 0, 0, 0, 0, 0, 0, 0, 0, 0, 0, 0, 1, 0, 0, 0, 0, 0, 1, 0, 0, 0, 0, 0, 0, 0, 0, 0, 0, 0, 0, 1, 0, 0, 1, 0, 0, 0, 0, 0, 0, 0, 0, 0, 0, 0, 1, 0, 1, 1, 0, 0, 0, 0, 0, 0, 0, 0, 0, 0, 0, 0, 0, 0, 0, 0, 0, 0, 0, 0, 0, 0, 1, 1, 0, 0, 1, 0, 0, 0, 0, 0, 0, 0, 0, 0, 0, 1, 0, 0, 0, 0, 0, 1, 0, 0, 0, 0, 1, 0, 0, 0, 0, 0, 0, 0, 0, 1, 0, 0, 0, 0, 0, 0, 0, 0, 0, 0, 0, 0, 1, 0, 0, 0, 0, 0, 1, 0, 0, 0, 0, 0, 0, 0, 0, 0, 0, 0, 0, 1, 0, 0, 0, 0, 0, 0, 0, 0, 0, 1, 0, 0, 0, 1, 0, 0, 1, 0, 0, 0, 0, 0, 0, 0, 0, 0, 1, 0, 0, 1, 0, 0, 0, 0, 0, 0, 0, 0, 0, 0, 0, 0, 0, 0, 0, 0, 0, 0, 0, 0, 1, 1];310823.5013158143;31863;2;0.09995435631725025
19;[231, 173, 131, 225, 140, 49, 155, 240, 258, 177, 80, 151, 204, 199, 128, 127, 39, 206, 209, 147, 197, 242, 117, 237, 261, 29, 12, 226, 149, 232, 17, 239, 146, 150, 144, 20, 115, 143, 61, 217, 193, 56, 19, 135, 79, 245, 250, 57, 219, 274, 153, 97, 260, 145, 246, 188, 198, 38, 108, 73, 279, 224, 170, 252, 62, 63, 92, 100, 50, 212, 119, 34, 256, 102, 205, 44, 138, 77, 31, 65, 154, 230, 124, 185, 160, 148, 88, 33, 99, 202, 220, 45, 114, 141, 159, 247, 32, 26, 82, 72, 190, 71, 272, 222, 223, 8, 241, 180, 235, 132, 165, 158, 200, 130, 253, 215, 262, 164, 257, 273, 178, 84, 89, 195, 43, 189, 134, 42, 162, 121, 179, 238, 168, 244, 106, 86, 13, 126, 183, 94, 41, 169, 14, 211, 233, 52, 6, 35, 234, 152, 278, 275, 236, 176, 196, 172, 122, 174, 21, 192, 60, 75, 69, 118, 58, 11, 24, 210, 85, 167, 36, 96, 191, 0, 23, 269, 81, 116, 142, 105, 243, 277, 139, 22, 163, 227, 46, 103, 213, 194, 104, 93, 248, 187, 161, 264, 83, 27, 48, 111, 110, 207, 25, 113, 171, 91, 203, 66, 87, 68, 201, 55, 70, 74, 37, 30, 137, 228, 5, 136, 90, 268, 216, 109, 123, 133, 157, 101, 156, 47, 186, 78, 166, 249, 1, 51, 54, 120, 218, 16, 276, 229, 254, 18, 2, 271, 181, 95, 9, 76, 112, 266, 259, 265, 263, 214, 3, 125, 4, 129, 267, 7, 10, 40, 64, 270, 221, 98, 59, 28, 255, 251, 107, 67, 208, 184, 182, 53, 175, 15];[0, 0, 0, 0, 0, 0, 0, 0, 1, 0, 0, 0, 0, 0, 1, 0, 0, 0, 0, 1, 0, 0, 0, 0, 0, 1, 0, 0, 0, 0, 0, 1, 0, 0, 0, 0, 0, 0, 0, 0, 0, 0, 0, 0, 0, 0, 1, 0, 0, 1, 0, 0, 0, 0, 0, 0, 0, 0, 1, 0, 0, 0, 0, 0, 0, 0, 0, 0, 0, 0, 0, 0, 0, 0, 0, 0, 0, 0, 0, 0, 0, 0, 0, 0, 0, 0, 1, 0, 0, 0, 0, 0, 0, 0, 0, 1, 0, 1, 0, 0, 0, 0, 0, 0, 0, 1, 0, 0, 0, 0, 0, 0, 0, 0, 0, 0, 0, 0, 0, 0, 1, 0, 0, 0, 0, 0, 0, 0, 0, 0, 0, 0, 0, 0, 0, 0, 1, 0, 0, 0, 0, 1, 0, 0, 0, 0, 0, 0, 0, 0, 0, 0, 0, 0, 0, 0, 0, 0, 0, 0, 0, 0, 0, 0, 0, 0, 0, 0, 0, 0, 1, 0, 0, 0, 0, 0, 0, 0, 0, 0, 0, 1, 0, 0, 0, 0, 1, 0, 0, 0, 0, 0, 0, 0, 0, 0, 0, 0, 0, 0, 0, 0, 0, 1, 0, 0, 0, 0, 0, 0, 0, 0, 1, 0, 0, 0, 1, 0, 0, 0, 0, 0, 0, 1, 1, 0, 0, 0, 0, 0, 0, 0, 0, 0, 0, 0, 0, 0, 0, 0, 0, 0, 0, 0, 1, 0, 0, 0, 0, 1, 0, 1, 0, 0, 0, 0, 0, 0, 0, 0, 0, 0, 0, 1, 0, 0, 1, 0, 0, 0, 0, 1, 0, 1, 0, 1, 0, 0, 0];352080.90475692664;32191;2;0.08820088792117725
20;[36, 95, 120, 196, 142, 153, 54, 123, 124, 266, 140, 220, 130, 200, 134, 162, 154, 137, 170, 244, 73, 210, 16, 274, 186, 163, 156, 216, 261, 96, 127, 48, 218, 224, 79, 107, 87, 3, 72, 158, 83, 232, 99, 67, 66, 264, 80, 238, 174, 31, 173, 97, 53, 60, 239, 131, 105, 9, 237, 93, 270, 178, 94, 152, 89, 208, 49, 263, 57, 155, 38, 251, 225, 211, 265, 109, 231, 236, 25, 112, 19, 5, 202, 175, 136, 159, 65, 183, 26, 181, 249, 214, 34, 104, 256, 194, 253, 117, 116, 55, 143, 30, 192, 46, 21, 2, 198, 247, 29, 164, 81, 18, 100, 119, 102, 205, 44, 138, 61, 77, 230, 246, 185, 160, 258, 148, 88, 33, 135, 212, 63, 188, 45, 114, 146, 141, 248, 32, 20, 240, 82, 226, 190, 71, 272, 219, 222, 223, 8, 241, 180, 235, 132, 165, 215, 39, 262, 257, 273, 84, 43, 189, 108, 42, 121, 179, 168, 177, 106, 86, 13, 126, 150, 41, 169, 14, 233, 52, 6, 35, 234, 278, 176, 151, 172, 245, 122, 75, 149, 69, 118, 58, 17, 24, 85, 167, 193, 191, 0, 23, 269, 275, 129, 228, 267, 277, 259, 125, 268, 37, 62, 68, 103, 209, 92, 206, 76, 115, 260, 195, 255, 51, 243, 139, 22, 227, 213, 187, 161, 27, 279, 111, 110, 207, 74, 113, 171, 91, 203, 12, 217, 201, 70, 252, 145, 90, 133, 157, 101, 47, 78, 147, 166, 199, 1, 276, 229, 254, 271, 50, 128, 204, 197, 11, 56, 4, 7, 144, 10, 40, 64, 242, 250, 221, 98, 59, 28, 184, 182, 15];[0, 0, 1, 0, 0, 0, 0, 1, 0, 0, 0, 0, 0, 0, 0, 0, 0, 0, 0, 1, 0, 1, 0, 0, 0, 0, 0, 0, 0, 0, 0, 0, 0, 0, 0, 0, 0, 0, 0, 0, 0, 0, 0, 0, 0, 1, 1, 0, 0, 0, 1, 1, 0, 0, 1, 0, 0, 0, 1, 0, 0, 0, 0, 0, 0, 0, 0, 1, 0, 0, 1, 0, 1, 0, 0, 0, 0, 0, 0, 0, 0, 0, 0, 0, 1, 0, 0, 0, 1, 0, 0, 0, 0, 0, 0, 0, 0, 0, 0, 0, 0, 0, 0, 0, 0, 0, 0, 0, 0, 0, 0, 0, 0, 1, 0, 0, 0, 0, 0, 0, 1, 0, 0, 0, 0, 0, 0, 0, 0, 0, 0, 0, 0, 0, 0, 0, 0, 0, 0, 0, 0, 0, 0, 0, 0, 0, 0, 0, 0, 1, 0, 1, 0, 0, 0, 0, 0, 0, 0, 0, 0, 0, 0, 0, 0, 0, 1, 0, 1, 0, 1, 0, 1, 0, 0, 0, 0, 0, 0, 0, 0, 1, 0, 1, 0, 0, 1, 0, 0, 0, 0, 0, 0, 0, 0, 0, 0, 0, 0, 0, 0, 0, 0, 0, 0, 0, 0, 0, 0, 1, 0, 0, 1, 0, 0, 0, 0, 0, 0, 0, 0, 0, 0, 0, 0, 0, 1, 0, 0, 0, 0, 0, 0, 0, 0, 0, 0, 0, 0, 0, 0, 0, 0, 0, 0, 0, 0, 0, 0, 1, 0, 0, 0, 0, 0, 0, 0, 0, 0, 0, 0, 1, 0, 0, 0, 0, 0, 0, 1, 0, 0, 0, 0, 0, 0, 0, 0, 0, 1];349032.8909190657;32175;2;0.056834382915212006
21;[231, 173, 131, 225, 140, 49, 155, 240, 258, 177, 80, 151, 204, 199, 128, 127, 39, 206, 209, 147, 197, 242, 117, 237, 261, 29, 12, 226, 149, 232, 17, 239, 146, 150, 144, 20, 115, 143, 61, 217, 193, 56, 19, 135, 79, 245, 250, 57, 219, 274, 153, 97, 260, 145, 246, 188, 198, 38, 108, 73, 279, 224, 170, 252, 62, 63, 92, 100, 50, 93, 114, 264, 13, 121, 234, 168, 205, 26, 55, 136, 236, 255, 31, 179, 216, 14, 30, 44, 78, 52, 203, 25, 0, 180, 249, 46, 187, 238, 262, 70, 190, 133, 132, 218, 95, 123, 154, 37, 178, 181, 7, 244, 265, 125, 75, 272, 11, 141, 109, 4, 86, 87, 59, 36, 207, 124, 45, 228, 22, 251, 40, 18, 169, 24, 10, 6, 116, 176, 223, 98, 241, 220, 91, 164, 233, 81, 16, 159, 157, 5, 172, 8, 214, 185, 267, 122, 276, 208, 247, 104, 53, 253, 273, 167, 161, 134, 82, 23, 74, 189, 83, 32, 111, 48, 196, 15, 163, 35, 243, 21, 171, 229, 130, 195, 101, 137, 51, 94, 213, 65, 3, 42, 270, 268, 277, 58, 148, 2, 106, 68, 96, 47, 142, 166, 184, 139, 89, 156, 105, 119, 211, 174, 77, 71, 66, 103, 118, 165, 110, 186, 230, 138, 33, 126, 215, 256, 9, 76, 248, 222, 160, 88, 158, 210, 175, 192, 183, 221, 120, 201, 266, 194, 129, 107, 235, 90, 202, 191, 152, 212, 275, 269, 41, 28, 72, 43, 182, 278, 271, 85, 254, 67, 27, 200, 102, 54, 1, 113, 263, 34, 64, 99, 84, 60, 69, 227, 162, 257, 259, 112];[1, 0, 0, 0, 0, 0, 0, 1, 0, 0, 0, 0, 0, 0, 0, 1, 0, 0, 1, 0, 0, 0, 1, 0, 0, 0, 0, 0, 0, 1, 0, 0, 0, 0, 1, 0, 0, 0, 0, 0, 0, 0, 0, 0, 0, 0, 0, 0, 1, 1, 0, 0, 0, 0, 0, 0, 0, 0, 0, 0, 1, 0, 0, 0, 1, 0, 1, 0, 1, 0, 0, 0, 0, 0, 0, 0, 1, 0, 0, 0, 0, 0, 0, 0, 0, 1, 1, 1, 0, 0, 0, 1, 1, 0, 0, 0, 0, 0, 0, 1, 1, 0, 0, 0, 0, 0, 0, 0, 0, 0, 0, 0, 0, 0, 0, 0, 0, 0, 0, 0, 0, 0, 0, 0, 0, 0, 1, 0, 1, 0, 0, 0, 0, 0, 0, 0, 1, 0, 1, 0, 0, 1, 1, 1, 0, 0, 0, 0, 0, 0, 0, 0, 0, 0, 0, 0, 0, 0, 1, 0, 0, 0, 0, 1, 0, 1, 0, 0, 0, 0, 0, 0, 0, 0, 0, 0, 0, 1, 0, 0, 0, 0, 0, 0, 0, 0, 1, 0, 0, 0, 0, 0, 0, 0, 0, 0, 0, 0, 0, 0, 0, 0, 1, 0, 0, 0, 0, 1, 0, 0, 1, 0, 1, 0, 0, 0, 0, 0, 0, 0, 0, 0, 0, 1, 0, 0, 0, 0, 0, 0, 0, 0, 0, 0, 0, 0, 0, 1, 0, 0, 0, 0, 0, 0, 0, 0, 0, 1, 0, 1, 0, 0, 0, 0, 1, 0, 0, 0, 0, 0, 0, 0, 0, 0, 0, 0, 0, 0, 0, 0, 1, 0, 1, 0, 0, 0, 0, 0, 1];580764.4766832314;33499;3;inf
22;[116, 142, 26, 105, 219, 243, 277, 139, 42, 231, 22, 163, 173, 131, 225, 140, 49, 155, 240, 258, 177, 80, 151, 204, 199, 128, 127, 39, 206, 209, 147, 197, 242, 117, 237, 261, 29, 12, 226, 149, 232, 17, 238, 146, 150, 11, 20, 115, 143, 61, 217, 193, 56, 19, 135, 79, 245, 250, 57, 274, 153, 97, 260, 145, 246, 188, 198, 38, 108, 73, 279, 224, 170, 252, 62, 63, 92, 100, 50, 212, 119, 34, 256, 102, 205, 44, 138, 77, 31, 65, 154, 230, 124, 185, 160, 148, 88, 33, 99, 202, 220, 45, 114, 141, 159, 247, 32, 82, 72, 190, 71, 272, 222, 223, 8, 241, 180, 235, 132, 165, 158, 200, 130, 253, 215, 262, 164, 257, 273, 178, 84, 89, 87, 43, 189, 134, 162, 121, 179, 239, 168, 244, 106, 86, 13, 126, 183, 94, 41, 169, 14, 211, 233, 52, 6, 35, 234, 152, 278, 275, 236, 176, 196, 172, 122, 174, 21, 192, 60, 75, 69, 118, 58, 144, 24, 210, 85, 167, 36, 96, 191, 0, 23, 269, 81, 112, 2, 129, 228, 267, 9, 55, 259, 227, 46, 103, 213, 194, 104, 93, 248, 187, 161, 264, 83, 27, 48, 111, 110, 207, 25, 113, 171, 91, 203, 66, 195, 68, 201, 70, 74, 37, 30, 137, 5, 136, 90, 268, 216, 109, 123, 133, 157, 101, 156, 47, 186, 78, 166, 249, 1, 51, 54, 120, 218, 16, 276, 229, 254, 18, 271, 181, 95, 76, 266, 265, 263, 214, 3, 125, 4, 7, 10, 40, 64, 270, 221, 98, 59, 28, 255, 251, 107, 67, 208, 184, 182, 53, 175, 15];[0, 0, 0, 0, 0, 0, 0, 0, 0, 0, 1, 0, 0, 0, 0, 0, 0, 0, 0, 0, 0, 0, 0, 0, 0, 1, 0, 0, 0, 0, 0, 0, 0, 0, 0, 0, 0, 0, 0, 0, 0, 0, 0, 0, 0, 0, 0, 0, 0, 0, 0, 0, 0, 0, 0, 0, 0, 0, 1, 0, 0, 0, 0, 0, 0, 0, 1, 0, 0, 0, 0, 1, 0, 0, 1, 0, 0, 0, 0, 0, 0, 0, 0, 0, 0, 0, 0, 0, 0, 0, 1, 0, 0, 0, 0, 0, 0, 1, 0, 0, 1, 0, 0, 0, 0, 0, 0, 1, 0, 1, 0, 0, 0, 0, 0, 0, 0, 0, 1, 0, 1, 0, 0, 0, 0, 0, 0, 0, 0, 0, 0, 0, 1, 0, 0, 0, 0, 0, 0, 1, 0, 0, 0, 0, 0, 0, 0, 0, 0, 0, 0, 0, 0, 0, 0, 0, 0, 0, 0, 0, 0, 1, 0, 0, 0, 0, 0, 0, 0, 0, 0, 0, 0, 0, 0, 0, 0, 0, 0, 0, 0, 0, 0, 0, 0, 0, 0, 0, 1, 0, 0, 0, 0, 0, 0, 0, 0, 0, 0, 0, 0, 0, 0, 0, 0, 0, 1, 0, 0, 0, 0, 0, 0, 0, 0, 0, 0, 1, 0, 0, 0, 0, 0, 0, 0, 0, 0, 0, 0, 1, 0, 0, 0, 0, 0, 0, 0, 0, 0, 0, 1, 0, 0, 0, 0, 0, 0, 0, 0, 0, 0, 0, 0, 0, 0, 0, 0, 0, 0, 0, 0, 0, 1, 0, 0, 0, 0, 0, 0, 1, 0, 0, 0, 0, 0, 0, 0, 0, 0];277173.81771172024;27640;3;inf
23;[37, 31, 178, 181, 7, 193, 244, 224, 265, 125, 75, 272, 198, 11, 26, 141, 150, 135, 0, 46, 100, 109, 242, 108, 93, 4, 86, 25, 87, 97, 239, 59, 177, 36, 238, 207, 124, 45, 79, 73, 228, 22, 251, 128, 217, 40, 18, 169, 24, 10, 151, 6, 116, 176, 223, 98, 234, 241, 220, 91, 164, 144, 163, 233, 81, 56, 16, 159, 17, 149, 246, 157, 218, 5, 29, 172, 8, 50, 214, 185, 267, 122, 276, 208, 247, 104, 132, 53, 253, 273, 167, 260, 161, 205, 44, 134, 70, 62, 131, 82, 23, 74, 189, 83, 274, 262, 226, 173, 57, 32, 111, 115, 48, 206, 196, 136, 199, 15, 49, 35, 243, 117, 14, 21, 171, 216, 229, 130, 195, 101, 255, 204, 137, 51, 232, 78, 94, 213, 65, 3, 231, 42, 147, 270, 180, 268, 277, 58, 39, 148, 2, 219, 106, 38, 68, 96, 47, 279, 142, 166, 184, 209, 12, 139, 89, 156, 105, 119, 211, 174, 188, 20, 77, 71, 66, 249, 103, 121, 118, 165, 153, 110, 186, 230, 154, 138, 33, 190, 126, 146, 215, 225, 95, 256, 9, 76, 237, 248, 222, 197, 261, 160, 61, 88, 158, 210, 175, 133, 252, 123, 192, 143, 183, 114, 221, 170, 120, 54, 266, 140, 200, 162, 127, 107, 72, 99, 67, 264, 80, 60, 152, 263, 155, 236, 112, 19, 202, 34, 194, 55, 30, 102, 258, 212, 63, 240, 235, 257, 84, 43, 179, 168, 13, 41, 52, 278, 245, 69, 85, 191, 269, 275, 129, 259, 92, 227, 187, 27, 113, 203, 201, 145, 90, 250, 1, 254, 271, 28, 64, 182];[0, 0, 1, 0, 0, 0, 0, 0, 1, 0, 0, 0, 1, 0, 0, 0, 0, 0, 0, 1, 0, 0, 0, 0, 0, 0, 0, 0, 0, 0, 1, 0, 0, 0, 0, 0, 0, 0, 0, 0, 0, 0, 0, 0, 0, 0, 0, 0, 0, 1, 1, 0, 0, 0, 0, 0, 0, 0, 0, 0, 0, 0, 0, 0, 0, 0, 0, 0, 0, 0, 0, 0, 0, 0, 0, 0, 0, 0, 0, 0, 0, 0, 1, 0, 1, 1, 0, 0, 0, 0, 0, 0, 0, 0, 0, 0, 0, 0, 0, 0, 1, 0, 0, 0, 0, 0, 0, 0, 0, 0, 0, 0, 0, 0, 1, 0, 0, 0, 0, 0, 0, 0, 0, 0, 0, 0, 1, 0, 0, 0, 0, 0, 0, 1, 0, 0, 0, 0, 0, 0, 0, 0, 0, 0, 0, 0, 0, 1, 0, 1, 0, 0, 0, 0, 0, 0, 1, 0, 1, 1, 0, 0, 1, 0, 0, 0, 0, 1, 1, 0, 0, 1, 0, 0, 0, 0, 0, 1, 0, 0, 0, 0, 0, 0, 0, 1, 1, 0, 0, 0, 0, 0, 0, 0, 0, 0, 0, 0, 0, 1, 0, 0, 0, 0, 0, 0, 0, 0, 0, 0, 0, 1, 0, 0, 0, 1, 0, 0, 0, 1, 1, 0, 0, 0, 0, 0, 0, 0, 0, 0, 0, 0, 0, 0, 0, 0, 0, 0, 0, 0, 0, 0, 0, 0, 0, 0, 0, 1, 0, 1, 0, 0, 0, 0, 0, 1, 0, 0, 0, 0, 1, 0, 0, 0, 0, 0, 0, 0, 1, 0, 0, 0, 0, 0, 0, 0, 0, 0, 0];410202.10315603734;33198;3;0.6728360308505484
24;[116, 142, 26, 105, 219, 243, 277, 139, 42, 231, 22, 163, 227, 278, 158, 44, 46, 103, 213, 194, 73, 104, 178, 39, 93, 248, 38, 187, 161, 162, 84, 169, 233, 205, 264, 167, 83, 172, 27, 279, 206, 212, 273, 48, 240, 65, 0, 223, 21, 111, 110, 154, 246, 207, 25, 165, 260, 146, 220, 256, 113, 171, 91, 203, 130, 202, 272, 66, 71, 52, 94, 195, 68, 211, 12, 217, 34, 182, 7, 221, 96, 115, 259, 55, 77, 179, 224, 5, 102, 117, 134, 143, 56, 36, 41, 124, 135, 239, 226, 232, 32, 148, 86, 157, 79, 257, 40, 274, 245, 201, 184, 106, 132, 263, 156, 17, 255, 78, 267, 123, 87, 238, 152, 126, 101, 170, 185, 275, 24, 14, 253, 192, 234, 181, 168, 75, 266, 74, 210, 70, 76, 58, 11, 137, 119, 114, 164, 265, 200, 214, 129, 138, 222, 215, 193, 198, 261, 225, 235, 197, 23, 29, 131, 251, 218, 229, 173, 15, 89, 88, 3, 9, 153, 28, 35, 90, 140, 269, 166, 67, 109, 155, 10, 107, 33, 208, 92, 249, 50, 176, 72, 204, 8, 244, 62, 108, 99, 112, 18, 128, 4, 60, 59, 82, 276, 228, 144, 186, 149, 151, 237, 100, 64, 250, 54, 118, 6, 125, 43, 147, 199, 2, 13, 191, 95, 175, 159, 136, 180, 97, 122, 127, 53, 160, 258, 47, 37, 252, 177, 241, 30, 145, 150, 262, 51, 268, 216, 133, 121, 247, 61, 141, 270, 16, 80, 20, 242, 57, 85, 1, 98, 63, 81, 190, 120, 271, 209, 183, 31, 254, 236, 188, 189, 230, 196, 174, 49, 19, 45, 69];[0, 0, 1, 0, 0, 0, 0, 0, 0, 1, 0, 0, 0, 0, 0, 0, 0, 0, 0, 0, 0, 0, 0, 0, 0, 0, 0, 0, 0, 0, 1, 0, 0, 0, 0, 0, 0, 0, 0, 0, 0, 0, 1, 0, 0, 0, 0, 0, 0, 0, 0, 0, 0, 0, 0, 0, 0, 0, 0, 0, 0, 1, 0, 0, 0, 0, 0, 0, 1, 0, 0, 0, 0, 1, 0, 0, 0, 0, 0, 1, 1, 0, 0, 0, 0, 0, 0, 0, 0, 1, 0, 0, 0, 0, 1, 0, 0, 0, 0, 0, 0, 0, 0, 0, 0, 0, 0, 0, 0, 0, 0, 0, 0, 0, 0, 0, 0, 0, 0, 0, 0, 0, 0, 1, 1, 0, 0, 0, 0, 0, 0, 0, 0, 0, 0, 0, 0, 0, 0, 0, 0, 0, 0, 0, 0, 0, 0, 1, 1, 0, 0, 0, 0, 0, 0, 0, 0, 0, 0, 0, 0, 0, 0, 1, 0, 0, 0, 0, 0, 0, 0, 0, 0, 0, 0, 0, 0, 0, 1, 0, 0, 0, 0, 0, 0, 0, 0, 0, 1, 0, 0, 0, 0, 0, 0, 0, 0, 0, 0, 0, 0, 0, 0, 0, 0, 0, 0, 0, 0, 0, 0, 0, 1, 0, 0, 0, 1, 0, 0, 0, 0, 0, 0, 0, 1, 0, 0, 0, 0, 0, 0, 0, 0, 0, 0, 1, 0, 0, 0, 0, 1, 0, 0, 0, 0, 0, 0, 0, 0, 0, 0, 0, 0, 0, 0, 0, 0, 0, 0, 0, 0, 0, 0, 0, 0, 0, 0, 0, 1, 1, 0, 0, 0, 0, 0, 0, 0, 0, 0];281702.40692475304;28833;3;0.3768469622822294
25;[231, 173, 131, 225, 140, 49, 155, 240, 258, 177, 80, 151, 204, 199, 128, 127, 39, 206, 209, 147, 197, 242, 117, 237, 261, 29, 12, 226, 149, 232, 17, 238, 146, 150, 144, 20, 115, 143, 61, 217, 193, 56, 19, 135, 79, 245, 250, 57, 219, 274, 153, 97, 260, 145, 246, 188, 198, 38, 108, 73, 279, 224, 170, 252, 62, 63, 92, 100, 50, 212, 59, 34, 256, 102, 205, 44, 138, 77, 31, 65, 154, 230, 124, 185, 160, 148, 88, 33, 99, 202, 220, 45, 114, 141, 159, 247, 32, 26, 82, 72, 190, 71, 272, 222, 223, 8, 241, 180, 235, 132, 165, 158, 200, 130, 253, 215, 262, 164, 257, 273, 178, 84, 89, 87, 43, 189, 134, 42, 162, 121, 179, 239, 168, 244, 106, 86, 13, 126, 183, 94, 41, 169, 14, 211, 233, 52, 6, 35, 234, 152, 278, 275, 236, 176, 196, 172, 122, 174, 21, 192, 60, 75, 69, 118, 58, 11, 24, 210, 85, 167, 36, 96, 191, 0, 23, 269, 81, 112, 2, 129, 116, 228, 267, 277, 9, 55, 259, 142, 105, 243, 139, 22, 163, 227, 46, 103, 213, 194, 104, 93, 248, 187, 161, 264, 83, 27, 48, 111, 110, 207, 25, 113, 171, 91, 203, 66, 195, 68, 201, 70, 74, 37, 30, 137, 5, 136, 90, 268, 216, 109, 123, 133, 157, 101, 156, 47, 186, 78, 166, 249, 1, 51, 54, 120, 218, 16, 276, 229, 254, 18, 271, 181, 95, 76, 266, 265, 263, 214, 3, 125, 4, 7, 10, 40, 64, 270, 221, 98, 119, 28, 255, 251, 107, 67, 208, 184, 182, 53, 175, 15];[0, 0, 0, 1, 0, 0, 0, 0, 0, 0, 0, 0, 0, 0, 1, 0, 0, 0, 0, 0, 0, 0, 0, 0, 0, 0, 0, 1, 0, 0, 1, 0, 0, 0, 1, 1, 0, 0, 0, 0, 0, 0, 0, 0, 0, 0, 0, 0, 0, 0, 0, 0, 0, 0, 0, 0, 0, 0, 0, 0, 0, 0, 0, 0, 0, 0, 0, 0, 0, 0, 0, 0, 0, 0, 0, 0, 0, 0, 0, 0, 0, 0, 0, 0, 1, 0, 0, 0, 0, 0, 0, 0, 0, 0, 0, 0, 0, 0, 0, 0, 0, 0, 0, 0, 0, 0, 0, 0, 0, 0, 0, 0, 0, 1, 0, 0, 0, 0, 0, 0, 0, 0, 0, 0, 0, 0, 0, 0, 0, 0, 0, 0, 0, 0, 0, 1, 1, 0, 0, 0, 0, 0, 0, 0, 0, 1, 0, 0, 0, 1, 0, 0, 0, 0, 0, 0, 0, 0, 0, 0, 0, 0, 0, 0, 0, 0, 0, 0, 0, 0, 0, 0, 0, 0, 1, 0, 0, 0, 0, 0, 0, 0, 0, 0, 0, 0, 0, 0, 0, 0, 0, 0, 0, 0, 0, 0, 0, 0, 0, 0, 0, 0, 0, 0, 0, 0, 0, 0, 0, 0, 0, 0, 0, 1, 0, 0, 0, 0, 0, 0, 0, 0, 0, 0, 0, 0, 0, 0, 0, 1, 0, 0, 0, 0, 0, 0, 0, 0, 0, 0, 0, 0, 0, 0, 0, 0, 1, 1, 0, 0, 0, 0, 0, 0, 0, 0, 0, 1, 0, 0, 0, 0, 0, 0, 1, 0, 0, 0, 0, 1, 0, 0, 0, 0, 0, 0, 0, 0, 0];283648.05313470756;29723;3;0.36914053864273555
26;[231, 173, 131, 225, 140, 49, 155, 37, 31, 178, 181, 7, 193, 244, 224, 265, 240, 258, 177, 80, 151, 204, 199, 128, 127, 39, 206, 209, 147, 197, 242, 117, 237, 261, 29, 12, 226, 149, 232, 17, 238, 146, 150, 144, 20, 115, 143, 61, 217, 56, 19, 135, 79, 245, 250, 57, 219, 274, 153, 97, 260, 145, 246, 188, 198, 38, 108, 73, 279, 170, 252, 62, 63, 92, 100, 50, 212, 119, 34, 256, 102, 205, 44, 138, 77, 65, 154, 230, 124, 185, 160, 148, 88, 33, 99, 202, 220, 45, 114, 141, 159, 247, 32, 26, 82, 72, 190, 71, 272, 243, 223, 8, 241, 180, 235, 132, 165, 158, 200, 130, 253, 215, 262, 164, 257, 273, 84, 89, 87, 43, 189, 134, 42, 162, 121, 179, 239, 168, 106, 86, 13, 126, 183, 94, 41, 169, 14, 211, 233, 52, 6, 35, 234, 152, 278, 275, 236, 176, 196, 172, 122, 174, 21, 192, 60, 75, 69, 118, 58, 11, 24, 210, 85, 167, 36, 96, 191, 0, 23, 269, 81, 112, 2, 129, 116, 228, 267, 277, 9, 55, 259, 142, 105, 222, 139, 22, 163, 227, 46, 103, 213, 194, 104, 93, 248, 187, 161, 264, 83, 27, 48, 111, 110, 207, 25, 113, 171, 91, 203, 66, 195, 68, 201, 70, 74, 30, 137, 5, 136, 90, 268, 216, 109, 123, 133, 157, 101, 156, 47, 186, 78, 166, 249, 1, 51, 54, 120, 218, 16, 276, 229, 254, 18, 271, 95, 76, 266, 263, 214, 3, 125, 4, 10, 40, 64, 270, 221, 98, 59, 28, 255, 251, 107, 67, 208, 184, 182, 53, 175, 15];[0, 0, 0, 0, 0, 0, 0, 0, 0, 0, 0, 0, 0, 0, 0, 0, 0, 0, 1, 0, 0, 0, 0, 0, 0, 0, 0, 1, 0, 0, 0, 0, 0, 0, 0, 0, 0, 0, 0, 0, 0, 0, 0, 0, 0, 0, 1, 1, 0, 0, 0, 0, 0, 0, 0, 0, 0, 0, 0, 0, 0, 0, 0, 0, 1, 1, 0, 0, 0, 0, 0, 0, 0, 0, 0, 1, 0, 0, 0, 0, 0, 0, 0, 0, 1, 0, 0, 1, 0, 0, 0, 0, 0, 0, 0, 0, 0, 0, 0, 0, 0, 0, 0, 0, 0, 0, 1, 0, 0, 0, 0, 0, 0, 0, 0, 0, 0, 0, 1, 0, 0, 0, 0, 0, 1, 0, 1, 0, 0, 1, 0, 0, 0, 0, 0, 1, 0, 0, 0, 0, 1, 0, 0, 0, 0, 0, 0, 0, 0, 0, 0, 0, 0, 0, 0, 0, 0, 0, 0, 0, 0, 0, 1, 0, 0, 1, 0, 0, 0, 0, 0, 0, 0, 0, 1, 0, 1, 0, 0, 0, 0, 0, 0, 1, 0, 0, 1, 0, 0, 0, 0, 0, 0, 0, 0, 0, 0, 0, 0, 0, 0, 0, 0, 0, 0, 0, 0, 0, 0, 0, 0, 0, 0, 0, 0, 0, 0, 1, 0, 0, 0, 1, 0, 0, 0, 0, 0, 1, 0, 0, 0, 0, 0, 1, 0, 0, 0, 0, 0, 0, 0, 0, 0, 0, 0, 0, 0, 0, 0, 0, 0, 0, 0, 0, 0, 0, 0, 0, 0, 0, 0, 0, 0, 0, 0, 0, 0, 0, 0, 0, 0, 0, 0, 0, 0, 0, 0, 0, 0];283764.3992355282;30956;3;0.2695569897034896
27;[37, 31, 178, 181, 7, 193, 244, 224, 265, 125, 75, 272, 198, 11, 26, 141, 150, 135, 0, 46, 100, 109, 242, 108, 93, 4, 86, 25, 87, 97, 239, 59, 177, 36, 238, 207, 124, 45, 79, 73, 228, 22, 251, 128, 217, 40, 18, 169, 24, 10, 151, 6, 116, 176, 223, 98, 234, 241, 220, 91, 164, 144, 163, 233, 81, 56, 16, 159, 17, 149, 246, 157, 218, 5, 29, 172, 8, 50, 214, 185, 267, 122, 276, 208, 247, 104, 132, 53, 253, 273, 167, 260, 161, 205, 44, 134, 70, 62, 131, 82, 23, 74, 189, 83, 274, 262, 226, 173, 57, 32, 111, 115, 48, 206, 196, 136, 231, 225, 140, 49, 155, 240, 258, 80, 204, 199, 127, 39, 209, 147, 197, 117, 237, 261, 12, 232, 146, 20, 143, 61, 19, 245, 250, 219, 153, 145, 188, 38, 279, 170, 252, 63, 92, 114, 264, 13, 121, 168, 55, 236, 255, 179, 216, 14, 30, 78, 52, 203, 180, 112, 187, 190, 133, 95, 123, 154, 94, 76, 278, 152, 227, 195, 106, 84, 69, 156, 192, 160, 103, 215, 1, 254, 271, 162, 269, 158, 96, 68, 72, 229, 243, 90, 200, 222, 3, 201, 119, 71, 138, 259, 166, 213, 212, 85, 28, 211, 101, 27, 58, 9, 249, 88, 107, 202, 67, 235, 137, 99, 230, 263, 120, 171, 248, 113, 184, 165, 270, 77, 60, 42, 102, 66, 54, 174, 89, 110, 33, 64, 182, 194, 210, 118, 105, 275, 257, 175, 277, 139, 126, 130, 142, 2, 268, 34, 15, 41, 186, 43, 65, 129, 21, 221, 47, 35, 266, 183, 148, 191, 51, 256];[0, 0, 0, 0, 0, 0, 0, 0, 0, 0, 0, 0, 0, 0, 0, 0, 0, 0, 0, 1, 0, 0, 0, 0, 1, 0, 0, 0, 0, 0, 0, 0, 0, 0, 0, 0, 0, 0, 0, 0, 0, 0, 1, 0, 0, 0, 0, 0, 0, 1, 1, 0, 0, 0, 0, 0, 0, 1, 0, 0, 0, 0, 0, 1, 0, 1, 0, 0, 0, 0, 0, 0, 0, 0, 0, 0, 0, 0, 0, 0, 0, 0, 0, 1, 1, 0, 0, 0, 0, 0, 0, 0, 0, 0, 0, 0, 0, 0, 0, 0, 1, 0, 0, 1, 0, 0, 0, 0, 0, 1, 0, 0, 0, 0, 0, 0, 0, 0, 0, 0, 0, 0, 0, 0, 0, 0, 0, 1, 0, 0, 0, 0, 0, 0, 0, 0, 0, 0, 0, 0, 0, 0, 0, 0, 0, 0, 0, 1, 0, 1, 0, 0, 0, 0, 0, 0, 1, 0, 1, 0, 0, 0, 0, 0, 0, 0, 0, 0, 1, 0, 0, 0, 0, 0, 0, 0, 0, 0, 0, 0, 0, 0, 0, 0, 0, 1, 0, 0, 1, 0, 0, 0, 0, 0, 0, 0, 0, 0, 0, 0, 0, 0, 0, 1, 0, 0, 1, 0, 0, 0, 0, 1, 0, 0, 0, 1, 0, 0, 0, 0, 1, 0, 0, 0, 0, 0, 1, 1, 0, 0, 0, 0, 0, 1, 0, 0, 0, 0, 0, 0, 0, 0, 0, 0, 0, 0, 0, 0, 1, 0, 0, 0, 0, 0, 0, 0, 0, 0, 0, 0, 0, 0, 0, 0, 0, 1, 0, 0, 0, 0, 1, 0, 0, 1, 0, 0, 0, 0, 0];398053.249461857;33083;3;0.17582524715015557
28;[37, 31, 178, 181, 7, 193, 244, 224, 265, 125, 75, 272, 198, 11, 26, 141, 150, 135, 0, 46, 100, 109, 242, 108, 93, 4, 86, 25, 87, 97, 239, 59, 177, 36, 238, 207, 124, 45, 79, 73, 228, 22, 251, 128, 217, 40, 18, 169, 24, 10, 151, 6, 116, 176, 223, 98, 234, 241, 220, 91, 164, 144, 49, 233, 81, 56, 16, 159, 17, 149, 246, 157, 218, 5, 29, 172, 8, 50, 214, 185, 267, 122, 276, 208, 247, 104, 132, 53, 253, 273, 167, 260, 161, 205, 44, 134, 70, 62, 131, 82, 23, 74, 189, 255, 142, 111, 266, 65, 27, 256, 171, 143, 235, 196, 277, 230, 106, 85, 90, 95, 222, 156, 183, 88, 129, 231, 15, 197, 213, 84, 83, 154, 226, 60, 204, 94, 114, 227, 179, 250, 216, 209, 96, 170, 259, 67, 182, 168, 268, 80, 102, 54, 215, 120, 57, 184, 243, 254, 118, 133, 30, 110, 55, 258, 236, 160, 112, 166, 219, 158, 173, 261, 92, 206, 162, 48, 138, 136, 103, 130, 9, 33, 66, 187, 12, 19, 68, 51, 41, 199, 3, 180, 155, 140, 237, 225, 13, 126, 137, 146, 32, 71, 147, 264, 64, 99, 39, 221, 34, 72, 61, 203, 2, 190, 121, 275, 153, 202, 42, 28, 117, 119, 58, 77, 63, 186, 201, 127, 14, 274, 210, 248, 148, 163, 152, 200, 278, 165, 76, 107, 139, 1, 211, 249, 78, 270, 52, 257, 279, 212, 35, 43, 262, 252, 263, 245, 113, 38, 105, 269, 175, 89, 195, 240, 271, 174, 191, 20, 229, 115, 101, 188, 145, 194, 21, 232, 69, 123, 192, 47];[0, 0, 1, 0, 0, 0, 0, 0, 0, 0, 0, 1, 0, 0, 0, 0, 0, 0, 0, 1, 0, 0, 0, 0, 0, 1, 0, 0, 0, 0, 0, 0, 0, 1, 0, 1, 0, 0, 0, 0, 0, 0, 0, 0, 0, 0, 0, 0, 0, 1, 0, 0, 0, 0, 0, 1, 0, 1, 0, 0, 0, 0, 0, 1, 0, 0, 1, 0, 0, 0, 0, 0, 0, 1, 0, 0, 1, 0, 0, 0, 0, 0, 0, 0, 0, 0, 0, 0, 0, 0, 1, 0, 0, 0, 0, 0, 0, 0, 0, 1, 0, 0, 0, 0, 0, 0, 0, 0, 0, 0, 0, 0, 0, 0, 1, 0, 0, 0, 0, 0, 0, 0, 0, 1, 0, 1, 0, 0, 0, 0, 0, 0, 0, 0, 0, 0, 0, 0, 0, 0, 0, 0, 1, 0, 0, 0, 1, 0, 0, 1, 0, 0, 0, 0, 0, 0, 0, 0, 1, 0, 0, 0, 0, 0, 0, 0, 0, 0, 0, 0, 0, 0, 0, 0, 1, 0, 0, 0, 0, 0, 0, 0, 0, 1, 1, 0, 0, 0, 0, 0, 0, 0, 0, 0, 0, 0, 0, 0, 0, 0, 0, 0, 0, 0, 0, 0, 0, 1, 0, 0, 0, 0, 0, 0, 0, 0, 0, 0, 0, 1, 0, 0, 1, 1, 0, 0, 0, 0, 1, 0, 0, 0, 0, 0, 0, 0, 0, 0, 0, 0, 0, 0, 0, 0, 0, 0, 0, 0, 0, 0, 0, 0, 0, 0, 1, 1, 0, 0, 0, 0, 0, 0, 0, 0, 0, 0, 0, 0, 0, 0, 0, 0, 0, 0, 0, 0, 0, 0, 0];387291.0802633061;32610;3;0.16194118138837152
29;[116, 142, 26, 105, 219, 243, 277, 139, 42, 231, 22, 163, 227, 278, 85, 44, 46, 103, 213, 194, 73, 104, 178, 39, 93, 248, 38, 187, 161, 162, 84, 169, 233, 205, 264, 167, 83, 172, 27, 279, 206, 212, 273, 48, 240, 65, 0, 223, 21, 111, 110, 154, 246, 207, 25, 165, 260, 146, 220, 256, 113, 171, 91, 203, 130, 202, 272, 66, 71, 52, 94, 195, 68, 211, 12, 217, 201, 43, 55, 17, 70, 74, 134, 37, 173, 252, 177, 118, 33, 241, 82, 30, 145, 258, 150, 137, 228, 262, 92, 5, 226, 88, 152, 192, 140, 136, 239, 90, 89, 268, 216, 109, 244, 13, 123, 274, 133, 75, 29, 121, 157, 101, 156, 47, 186, 114, 78, 8, 170, 147, 166, 249, 247, 199, 261, 225, 6, 58, 1, 51, 54, 100, 120, 218, 16, 276, 229, 127, 257, 254, 183, 32, 63, 230, 18, 2, 45, 49, 124, 97, 189, 148, 210, 117, 253, 119, 143, 271, 236, 181, 149, 95, 115, 176, 9, 76, 269, 50, 188, 224, 112, 141, 35, 34, 266, 41, 190, 128, 87, 259, 265, 168, 106, 86, 155, 263, 237, 191, 108, 122, 275, 204, 158, 197, 11, 193, 151, 196, 214, 174, 3, 132, 56, 80, 14, 79, 222, 125, 23, 4, 77, 129, 267, 185, 24, 7, 238, 232, 144, 61, 57, 153, 10, 19, 40, 64, 60, 270, 131, 209, 242, 20, 135, 245, 250, 198, 62, 234, 160, 221, 200, 31, 98, 215, 59, 69, 28, 72, 235, 255, 179, 180, 81, 96, 251, 138, 107, 67, 99, 208, 184, 102, 182, 164, 53, 175, 126, 36, 15, 159];[0, 0, 0, 0, 0, 0, 0, 0, 0, 0, 0, 0, 0, 0, 0, 0, 0, 0, 1, 0, 0, 0, 0, 1, 0, 0, 0, 0, 0, 0, 0, 0, 0, 0, 0, 0, 0, 0, 0, 0, 0, 0, 0, 0, 0, 0, 0, 0, 1, 0, 0, 0, 1, 0, 0, 0, 0, 0, 0, 0, 0, 1, 0, 1, 0, 0, 1, 0, 0, 1, 0, 0, 0, 0, 0, 0, 0, 0, 0, 0, 1, 0, 0, 0, 0, 1, 0, 0, 0, 0, 0, 0, 0, 0, 0, 0, 0, 0, 0, 0, 0, 1, 0, 0, 0, 0, 0, 0, 0, 0, 0, 0, 0, 0, 0, 0, 0, 0, 0, 0, 0, 0, 0, 0, 0, 1, 1, 0, 0, 0, 0, 0, 0, 1, 1, 0, 1, 0, 0, 0, 0, 1, 0, 0, 0, 0, 0, 0, 0, 0, 0, 0, 0, 0, 0, 0, 0, 0, 0, 0, 0, 0, 1, 0, 0, 1, 1, 0, 0, 1, 0, 0, 0, 0, 0, 0, 0, 0, 0, 0, 0, 0, 0, 0, 0, 1, 0, 0, 0, 0, 0, 0, 0, 0, 0, 0, 0, 1, 0, 1, 0, 0, 1, 0, 0, 0, 0, 0, 0, 0, 0, 0, 1, 0, 0, 0, 0, 0, 0, 1, 0, 1, 0, 1, 0, 0, 0, 0, 0, 0, 0, 0, 0, 0, 0, 0, 0, 0, 0, 0, 0, 0, 0, 0, 0, 0, 1, 0, 1, 0, 0, 0, 0, 0, 0, 0, 0, 0, 1, 0, 0, 0, 0, 1, 0, 0, 0, 0, 0, 0, 0, 0, 0, 0, 0, 0, 0, 1, 0];350527.5623190796;31880;3;0.1308291443117094
30;[231, 173, 131, 225, 140, 49, 155, 240, 258, 177, 80, 151, 204, 199, 128, 127, 39, 206, 209, 147, 197, 242, 117, 237, 261, 29, 12, 226, 156, 232, 17, 239, 146, 150, 144, 20, 115, 238, 143, 61, 217, 193, 56, 19, 135, 79, 245, 250, 57, 219, 274, 153, 97, 260, 145, 246, 188, 198, 38, 108, 73, 279, 224, 170, 252, 62, 63, 92, 100, 50, 212, 59, 34, 256, 102, 205, 44, 138, 77, 31, 65, 154, 230, 124, 185, 160, 148, 88, 33, 99, 202, 220, 45, 114, 141, 159, 247, 32, 26, 82, 72, 190, 71, 272, 222, 223, 8, 241, 180, 235, 132, 165, 158, 200, 130, 253, 215, 262, 164, 257, 273, 178, 84, 89, 87, 43, 189, 134, 42, 162, 121, 179, 168, 244, 106, 86, 13, 126, 183, 94, 41, 169, 14, 211, 233, 52, 6, 35, 234, 152, 278, 275, 236, 176, 196, 172, 122, 174, 21, 192, 60, 75, 69, 118, 58, 11, 24, 210, 85, 167, 36, 96, 191, 0, 23, 269, 81, 112, 2, 129, 116, 228, 267, 277, 9, 55, 259, 142, 105, 243, 139, 22, 163, 227, 46, 103, 213, 194, 104, 93, 248, 187, 161, 264, 83, 27, 48, 111, 110, 207, 25, 113, 171, 91, 203, 66, 195, 68, 201, 70, 74, 37, 30, 137, 5, 136, 90, 268, 216, 109, 123, 133, 157, 101, 149, 47, 186, 78, 166, 249, 1, 51, 54, 120, 218, 16, 276, 229, 254, 18, 271, 181, 95, 76, 266, 265, 263, 214, 3, 125, 4, 7, 10, 40, 64, 270, 221, 98, 119, 28, 255, 251, 107, 67, 208, 184, 182, 53, 175, 15];[1, 0, 0, 1, 0, 0, 0, 0, 0, 0, 0, 0, 0, 0, 0, 0, 0, 1, 0, 1, 0, 0, 0, 1, 0, 0, 0, 0, 0, 1, 0, 0, 0, 1, 0, 0, 1, 0, 0, 1, 0, 0, 0, 0, 0, 0, 0, 0, 0, 0, 1, 0, 1, 0, 0, 1, 0, 0, 0, 0, 0, 0, 0, 0, 0, 1, 1, 1, 0, 0, 0, 0, 0, 0, 0, 0, 0, 0, 0, 0, 0, 0, 0, 0, 0, 0, 0, 0, 1, 0, 0, 0, 0, 0, 0, 0, 0, 1, 1, 1, 0, 1, 0, 0, 0, 0, 0, 1, 0, 0, 0, 0, 1, 1, 0, 0, 0, 0, 0, 0, 0, 0, 0, 0, 0, 0, 1, 0, 0, 0, 0, 0, 1, 0, 0, 0, 0, 0, 0, 1, 0, 0, 0, 0, 0, 0, 0, 0, 0, 0, 0, 0, 0, 0, 1, 0, 0, 0, 1, 0, 0, 0, 0, 0, 0, 0, 0, 0, 0, 0, 0, 0, 0, 0, 0, 0, 0, 1, 0, 0, 0, 1, 0, 0, 0, 0, 1, 0, 0, 0, 0, 0, 0, 0, 0, 0, 0, 1, 0, 0, 0, 1, 0, 0, 0, 0, 0, 0, 0, 1, 0, 0, 1, 0, 0, 1, 0, 0, 0, 0, 0, 1, 0, 0, 1, 0, 0, 0, 0, 0, 0, 0, 0, 0, 0, 0, 1, 0, 0, 0, 0, 0, 0, 0, 0, 0, 0, 0, 0, 0, 0, 0, 0, 0, 0, 0, 0, 0, 0, 0, 0, 0, 0, 0, 0, 0, 0, 0, 0, 0, 0, 0, 0, 0, 0, 0, 0, 0, 0];371149.49174912565;32200;3;0.1294702191136072
31;[116, 142, 26, 105, 219, 243, 231, 173, 131, 225, 140, 49, 155, 240, 258, 177, 80, 151, 204, 199, 128, 127, 39, 206, 209, 147, 197, 242, 117, 237, 261, 29, 12, 226, 149, 232, 17, 238, 146, 150, 144, 20, 115, 143, 61, 217, 193, 56, 19, 135, 79, 245, 250, 57, 274, 153, 97, 260, 145, 246, 188, 198, 38, 108, 73, 279, 224, 170, 252, 62, 63, 92, 100, 50, 212, 119, 34, 256, 102, 205, 44, 138, 77, 31, 65, 154, 230, 124, 159, 160, 148, 88, 33, 99, 202, 220, 45, 114, 141, 185, 247, 32, 82, 72, 190, 71, 272, 222, 223, 8, 241, 180, 235, 132, 165, 158, 200, 130, 253, 215, 262, 164, 257, 273, 178, 84, 89, 87, 43, 189, 134, 42, 162, 121, 179, 239, 168, 244, 106, 86, 13, 126, 172, 94, 41, 169, 14, 211, 233, 52, 6, 35, 234, 152, 278, 275, 236, 176, 196, 183, 122, 174, 21, 192, 60, 75, 69, 118, 58, 11, 24, 210, 85, 167, 36, 96, 191, 0, 23, 269, 81, 112, 2, 129, 228, 267, 277, 9, 55, 259, 139, 22, 163, 227, 46, 103, 213, 194, 104, 93, 248, 187, 161, 264, 83, 27, 48, 111, 110, 207, 25, 113, 171, 91, 203, 59, 66, 195, 68, 201, 70, 74, 37, 30, 137, 5, 136, 90, 268, 216, 109, 123, 133, 157, 101, 156, 47, 186, 78, 166, 249, 1, 51, 54, 120, 218, 16, 276, 229, 254, 18, 271, 181, 95, 76, 266, 265, 263, 214, 3, 125, 4, 7, 10, 40, 64, 270, 221, 98, 28, 255, 251, 107, 67, 208, 184, 182, 53, 175, 15];[0, 0, 0, 0, 0, 0, 0, 1, 0, 0, 0, 0, 0, 0, 0, 0, 0, 0, 0, 0, 0, 0, 0, 1, 0, 0, 0, 0, 0, 0, 0, 0, 0, 0, 1, 0, 0, 0, 0, 0, 0, 0, 0, 0, 0, 0, 0, 0, 1, 0, 1, 0, 0, 0, 0, 0, 0, 0, 0, 0, 0, 1, 0, 1, 0, 0, 0, 0, 0, 0, 0, 0, 0, 0, 0, 0, 0, 0, 0, 0, 1, 0, 0, 0, 0, 0, 0, 0, 0, 0, 0, 0, 0, 0, 0, 0, 1, 1, 0, 0, 0, 1, 1, 0, 1, 0, 0, 0, 0, 0, 0, 0, 0, 0, 0, 0, 0, 1, 1, 0, 0, 0, 0, 0, 0, 0, 1, 0, 0, 0, 0, 0, 0, 0, 0, 1, 1, 0, 0, 0, 0, 0, 0, 1, 0, 0, 0, 0, 0, 0, 0, 0, 0, 0, 0, 0, 0, 0, 0, 0, 0, 0, 1, 0, 0, 0, 0, 0, 0, 0, 0, 0, 0, 0, 0, 0, 0, 0, 0, 0, 0, 0, 0, 0, 0, 0, 0, 0, 0, 0, 0, 0, 0, 0, 0, 0, 0, 0, 0, 0, 0, 0, 1, 0, 0, 0, 0, 0, 0, 0, 0, 0, 1, 0, 1, 0, 0, 0, 0, 1, 0, 0, 0, 1, 0, 0, 0, 0, 0, 0, 0, 0, 0, 1, 0, 0, 0, 0, 0, 0, 0, 0, 0, 0, 0, 0, 0, 1, 1, 0, 1, 0, 0, 0, 0, 0, 0, 0, 0, 0, 0, 0, 1, 0, 0, 0, 0, 1, 0, 0, 0, 0, 0, 0, 0, 0, 1, 0, 0];350783.161613086;32174;3;0.12254358749230757
32;[231, 173, 131, 225, 140, 49, 155, 240, 258, 177, 80, 151, 204, 199, 128, 127, 230, 206, 209, 147, 197, 242, 117, 237, 261, 29, 12, 226, 149, 232, 17, 238, 146, 150, 144, 20, 115, 143, 61, 217, 193, 56, 19, 135, 79, 245, 250, 57, 219, 274, 153, 97, 260, 145, 246, 188, 198, 38, 108, 73, 279, 224, 170, 252, 62, 63, 92, 100, 50, 212, 119, 34, 256, 102, 205, 44, 138, 77, 31, 65, 154, 39, 124, 185, 160, 148, 88, 33, 99, 202, 220, 45, 114, 141, 159, 247, 32, 26, 82, 72, 190, 71, 272, 222, 223, 8, 241, 180, 235, 132, 165, 158, 200, 130, 253, 215, 262, 164, 257, 273, 178, 84, 89, 87, 43, 189, 134, 42, 162, 37, 181, 7, 244, 265, 125, 75, 11, 0, 46, 116, 142, 105, 243, 266, 121, 179, 239, 168, 106, 86, 13, 126, 172, 94, 41, 169, 14, 211, 233, 52, 6, 35, 234, 152, 278, 275, 236, 176, 196, 183, 122, 174, 21, 192, 60, 69, 118, 58, 24, 210, 85, 167, 36, 96, 191, 23, 269, 81, 112, 2, 129, 228, 267, 277, 9, 55, 259, 139, 22, 163, 227, 103, 213, 194, 104, 93, 248, 187, 161, 264, 83, 27, 48, 111, 110, 207, 25, 113, 171, 91, 203, 59, 66, 195, 68, 201, 70, 74, 30, 137, 5, 136, 90, 268, 216, 109, 123, 133, 157, 101, 156, 47, 186, 78, 166, 249, 1, 51, 54, 120, 218, 16, 276, 229, 254, 18, 271, 95, 76, 263, 214, 3, 4, 10, 40, 64, 270, 221, 98, 28, 255, 251, 107, 67, 208, 184, 182, 53, 175, 15];[0, 0, 0, 1, 0, 0, 0, 0, 0, 0, 0, 0, 0, 0, 0, 1, 0, 0, 0, 0, 1, 1, 0, 0, 1, 0, 0, 0, 0, 0, 0, 0, 1, 0, 0, 0, 0, 0, 0, 0, 0, 0, 0, 0, 0, 0, 1, 1, 0, 1, 1, 0, 0, 0, 0, 0, 0, 0, 0, 0, 0, 0, 1, 0, 0, 0, 0, 0, 0, 0, 1, 0, 0, 0, 0, 1, 0, 0, 0, 1, 0, 0, 0, 0, 0, 0, 0, 0, 1, 0, 0, 0, 0, 0, 0, 0, 0, 1, 0, 1, 0, 0, 0, 0, 0, 0, 0, 0, 0, 0, 0, 0, 0, 0, 0, 0, 0, 0, 0, 0, 0, 0, 0, 0, 0, 0, 0, 0, 0, 0, 0, 0, 1, 0, 0, 0, 0, 0, 0, 0, 0, 0, 1, 0, 0, 1, 0, 0, 0, 0, 0, 0, 0, 0, 0, 0, 0, 0, 0, 0, 1, 0, 0, 0, 0, 0, 0, 0, 0, 0, 0, 0, 0, 0, 0, 0, 0, 0, 0, 0, 0, 1, 0, 1, 0, 0, 0, 0, 0, 0, 0, 0, 0, 0, 0, 0, 0, 0, 0, 0, 0, 0, 1, 0, 0, 0, 0, 0, 0, 0, 1, 0, 0, 0, 0, 0, 0, 0, 0, 0, 0, 0, 0, 0, 0, 0, 0, 0, 0, 0, 0, 0, 0, 0, 0, 0, 0, 0, 0, 0, 0, 0, 0, 1, 0, 0, 0, 0, 0, 0, 0, 0, 0, 0, 0, 1, 0, 1, 0, 0, 0, 0, 0, 0, 0, 0, 1, 0, 0, 0, 1, 0, 0, 0, 1, 0, 0, 0, 1];330962.0463381872;31790;3;0.12118942402732807
33;[1, 239, 54, 92, 220, 78, 114, 93, 100, 120, 218, 16, 105, 276, 146, 55, 229, 66, 37, 27, 90, 127, 89, 166, 257, 203, 268, 74, 48, 65, 254, 183, 32, 67, 230, 274, 247, 18, 2, 116, 45, 172, 170, 49, 124, 8, 97, 38, 189, 118, 227, 25, 52, 177, 148, 210, 117, 173, 44, 59, 253, 219, 121, 143, 271, 236, 231, 181, 225, 149, 95, 115, 248, 176, 249, 9, 76, 88, 101, 3, 5, 165, 73, 58, 19, 41, 275, 174, 264, 129, 258, 223, 75, 26, 11, 237, 260, 178, 256, 126, 63, 154, 240, 141, 185, 135, 128, 40, 113, 150, 161, 202, 175, 31, 39, 187, 24, 4, 208, 60, 123, 102, 164, 98, 140, 211, 232, 22, 193, 57, 241, 215, 152, 222, 29, 104, 179, 277, 35, 262, 200, 94, 138, 7, 137, 14, 206, 243, 139, 42, 163, 278, 85, 46, 103, 213, 194, 162, 84, 169, 233, 205, 167, 83, 279, 212, 273, 0, 111, 110, 246, 207, 171, 91, 130, 272, 71, 195, 68, 12, 217, 201, 43, 17, 70, 134, 252, 33, 82, 30, 145, 228, 226, 192, 136, 51, 216, 109, 244, 13, 133, 157, 156, 142, 47, 186, 147, 199, 261, 6, 266, 61, 251, 255, 180, 269, 270, 224, 184, 80, 20, 182, 242, 106, 234, 235, 87, 50, 259, 107, 72, 132, 198, 158, 144, 131, 221, 34, 21, 62, 36, 81, 190, 122, 191, 204, 209, 151, 125, 23, 238, 245, 77, 188, 15, 56, 53, 28, 64, 159, 86, 250, 112, 267, 155, 99, 96, 119, 265, 214, 197, 196, 10, 153, 108, 79, 168, 69, 160, 263];[0, 0, 0, 0, 0, 0, 0, 0, 0, 1, 0, 0, 0, 0, 0, 0, 0, 0, 0, 0, 1, 0, 0, 0, 0, 0, 0, 0, 0, 0, 0, 0, 0, 0, 0, 0, 0, 0, 0, 0, 1, 0, 0, 0, 0, 0, 0, 0, 0, 0, 0, 0, 0, 0, 0, 1, 1, 0, 0, 0, 0, 0, 0, 1, 0, 0, 0, 0, 0, 0, 0, 1, 0, 0, 0, 0, 1, 0, 0, 0, 0, 0, 0, 0, 0, 0, 1, 0, 0, 0, 0, 1, 0, 0, 0, 1, 0, 0, 0, 0, 0, 1, 0, 0, 0, 0, 0, 0, 0, 0, 0, 0, 0, 1, 0, 0, 0, 0, 0, 0, 0, 0, 0, 0, 0, 0, 0, 0, 0, 0, 0, 0, 0, 0, 0, 0, 0, 0, 0, 0, 0, 0, 1, 0, 0, 0, 0, 0, 0, 0, 0, 1, 0, 0, 1, 1, 0, 0, 0, 0, 0, 0, 0, 0, 0, 1, 0, 0, 0, 0, 0, 0, 0, 0, 0, 0, 0, 0, 0, 0, 0, 0, 0, 0, 0, 1, 0, 0, 0, 0, 0, 1, 0, 0, 1, 0, 1, 0, 0, 0, 0, 0, 0, 1, 0, 0, 0, 0, 1, 0, 1, 1, 0, 0, 0, 0, 0, 0, 0, 0, 0, 0, 1, 0, 0, 0, 0, 0, 0, 0, 0, 0, 0, 0, 0, 0, 0, 0, 0, 0, 0, 1, 0, 0, 0, 0, 0, 0, 0, 0, 0, 0, 0, 0, 1, 0, 0, 0, 0, 0, 0, 0, 0, 0, 0, 0, 0, 0, 0, 0, 0, 0, 0, 0, 0, 0, 0, 0, 0];299728.37841358606;30992;3;0.11216252420679979
34;[231, 173, 131, 225, 140, 49, 155, 240, 258, 177, 80, 151, 204, 199, 128, 127, 39, 206, 209, 147, 197, 242, 117, 237, 261, 29, 12, 226, 149, 232, 17, 238, 146, 150, 144, 20, 115, 143, 61, 217, 193, 56, 19, 135, 79, 245, 250, 57, 219, 274, 153, 97, 260, 145, 246, 188, 198, 38, 108, 73, 279, 224, 170, 252, 62, 63, 92, 100, 50, 212, 119, 34, 256, 102, 205, 44, 138, 77, 31, 65, 154, 230, 124, 159, 160, 148, 88, 33, 99, 202, 220, 45, 114, 141, 185, 247, 32, 26, 82, 72, 190, 71, 272, 222, 223, 8, 241, 180, 235, 132, 165, 158, 200, 130, 253, 215, 262, 164, 257, 273, 178, 84, 89, 87, 43, 189, 134, 42, 162, 121, 179, 239, 168, 244, 106, 86, 13, 126, 183, 94, 41, 169, 14, 211, 233, 52, 6, 35, 234, 152, 278, 275, 236, 176, 196, 172, 122, 174, 21, 192, 60, 75, 69, 118, 58, 11, 24, 210, 85, 167, 36, 96, 191, 0, 23, 269, 81, 112, 2, 129, 116, 228, 267, 277, 9, 55, 259, 142, 105, 243, 139, 22, 163, 227, 46, 103, 213, 194, 104, 93, 248, 187, 161, 264, 83, 27, 48, 111, 110, 207, 25, 113, 171, 91, 203, 59, 66, 195, 68, 201, 70, 74, 37, 30, 137, 5, 136, 90, 268, 216, 109, 123, 133, 157, 101, 156, 47, 186, 78, 166, 249, 1, 51, 54, 120, 218, 16, 276, 229, 254, 18, 271, 181, 95, 76, 266, 265, 263, 214, 3, 125, 4, 7, 10, 40, 64, 270, 221, 98, 28, 255, 251, 107, 67, 208, 184, 182, 53, 175, 15];[0, 1, 1, 1, 1, 0, 0, 0, 0, 0, 0, 0, 0, 0, 0, 0, 0, 0, 0, 0, 0, 0, 0, 0, 1, 0, 1, 0, 0, 0, 1, 0, 1, 0, 1, 0, 0, 0, 0, 0, 0, 0, 0, 0, 0, 0, 1, 0, 1, 1, 0, 0, 0, 0, 0, 0, 0, 1, 1, 1, 0, 0, 0, 0, 0, 0, 0, 0, 0, 0, 0, 0, 0, 0, 0, 0, 0, 0, 0, 0, 0, 0, 0, 0, 0, 0, 0, 0, 0, 0, 0, 0, 0, 0, 0, 0, 0, 1, 0, 0, 0, 0, 0, 0, 1, 0, 0, 0, 0, 0, 0, 0, 1, 0, 0, 0, 0, 0, 0, 0, 0, 0, 1, 0, 0, 0, 0, 0, 0, 0, 0, 0, 0, 0, 0, 0, 1, 0, 0, 0, 0, 0, 0, 0, 0, 0, 0, 0, 0, 0, 0, 0, 0, 0, 0, 0, 0, 0, 0, 0, 0, 0, 0, 0, 0, 0, 0, 0, 0, 0, 0, 0, 0, 0, 1, 0, 0, 0, 0, 0, 0, 0, 0, 0, 0, 0, 0, 1, 0, 0, 0, 0, 0, 1, 0, 0, 0, 0, 0, 0, 0, 0, 1, 0, 0, 0, 0, 0, 0, 0, 0, 0, 0, 0, 0, 0, 0, 0, 0, 0, 0, 0, 0, 0, 0, 0, 0, 0, 0, 0, 0, 0, 0, 0, 0, 0, 0, 0, 0, 0, 0, 0, 0, 0, 0, 0, 0, 0, 0, 1, 0, 0, 0, 0, 0, 0, 0, 0, 0, 0, 0, 0, 0, 1, 0, 0, 0, 0, 0, 0, 1, 1, 0, 0, 0, 0, 0, 0, 0];319953.5198617989;31760;3;0.09491832126199534
35;[231, 173, 131, 225, 140, 49, 155, 37, 31, 178, 181, 7, 193, 244, 224, 265, 240, 258, 177, 80, 151, 204, 199, 152, 127, 39, 206, 209, 147, 197, 242, 117, 237, 261, 29, 12, 226, 149, 232, 17, 238, 146, 150, 144, 20, 115, 143, 61, 217, 56, 19, 135, 79, 245, 250, 57, 219, 274, 153, 97, 260, 145, 246, 188, 198, 38, 108, 73, 279, 170, 252, 62, 63, 92, 100, 50, 212, 119, 34, 256, 102, 205, 44, 138, 77, 65, 154, 230, 124, 185, 160, 148, 88, 33, 99, 202, 220, 45, 114, 141, 159, 247, 32, 26, 82, 72, 190, 71, 272, 243, 223, 8, 241, 180, 235, 132, 165, 158, 200, 130, 253, 215, 262, 164, 257, 273, 84, 89, 87, 43, 189, 134, 42, 162, 121, 179, 239, 168, 106, 86, 13, 126, 183, 94, 41, 169, 14, 211, 233, 52, 6, 35, 234, 128, 278, 275, 236, 176, 196, 172, 122, 174, 21, 192, 60, 75, 69, 118, 58, 11, 24, 210, 85, 167, 36, 96, 191, 0, 23, 269, 81, 112, 93, 264, 55, 136, 255, 216, 30, 78, 203, 25, 249, 46, 187, 70, 133, 218, 95, 123, 125, 109, 4, 59, 207, 228, 22, 251, 40, 18, 10, 116, 98, 91, 16, 157, 5, 214, 267, 276, 208, 104, 53, 161, 74, 83, 111, 48, 15, 163, 171, 229, 195, 101, 137, 51, 213, 3, 270, 268, 277, 2, 68, 47, 142, 166, 184, 139, 156, 105, 66, 103, 110, 186, 9, 76, 248, 222, 175, 221, 120, 201, 266, 194, 129, 107, 90, 28, 182, 271, 254, 67, 27, 54, 1, 113, 263, 64, 227, 259];[0, 0, 0, 0, 0, 0, 0, 0, 0, 0, 0, 0, 0, 0, 0, 0, 0, 0, 0, 0, 1, 0, 0, 0, 0, 0, 0, 0, 0, 0, 0, 0, 0, 0, 1, 0, 0, 0, 0, 0, 0, 0, 0, 0, 0, 0, 0, 0, 1, 0, 0, 0, 0, 0, 0, 0, 0, 0, 0, 0, 1, 1, 1, 0, 0, 0, 1, 0, 0, 0, 0, 0, 0, 0, 0, 0, 1, 0, 0, 0, 0, 0, 0, 0, 0, 0, 0, 0, 0, 0, 0, 0, 0, 0, 0, 0, 0, 0, 0, 0, 0, 0, 0, 0, 0, 0, 0, 1, 0, 0, 0, 0, 1, 1, 1, 0, 0, 0, 0, 0, 0, 0, 0, 1, 1, 0, 1, 0, 1, 0, 0, 0, 0, 0, 0, 0, 0, 0, 0, 1, 1, 0, 0, 0, 0, 0, 0, 0, 0, 1, 0, 0, 0, 1, 0, 0, 1, 0, 0, 0, 0, 0, 1, 0, 0, 1, 0, 0, 0, 0, 0, 0, 0, 0, 1, 1, 0, 0, 0, 0, 0, 1, 0, 0, 0, 0, 0, 0, 0, 0, 0, 0, 0, 0, 0, 0, 0, 0, 0, 0, 1, 0, 0, 0, 0, 0, 0, 0, 0, 0, 0, 0, 0, 0, 1, 1, 0, 0, 0, 0, 0, 0, 0, 0, 0, 0, 1, 1, 0, 0, 0, 0, 0, 1, 0, 0, 0, 0, 0, 0, 0, 0, 0, 0, 0, 0, 0, 0, 0, 0, 0, 0, 0, 0, 0, 0, 0, 0, 0, 0, 0, 0, 0, 0, 0, 0, 0, 0, 0, 0, 0, 0, 0, 0, 0, 0, 0, 0, 0];377031.4479995091;32426;3;0.07738565992824187
36;[231, 173, 131, 225, 140, 49, 155, 37, 31, 178, 181, 7, 193, 244, 224, 265, 240, 258, 177, 80, 151, 204, 199, 128, 127, 39, 206, 209, 147, 197, 242, 117, 237, 261, 29, 12, 226, 149, 232, 17, 238, 146, 150, 144, 20, 115, 143, 61, 217, 56, 19, 135, 79, 245, 250, 57, 219, 274, 153, 97, 260, 145, 246, 188, 198, 38, 108, 73, 279, 170, 252, 62, 63, 92, 100, 50, 212, 119, 34, 256, 102, 205, 44, 138, 77, 65, 154, 230, 124, 185, 160, 148, 88, 33, 99, 202, 220, 45, 114, 141, 159, 247, 32, 26, 82, 72, 190, 71, 272, 191, 223, 8, 241, 180, 235, 132, 165, 158, 200, 130, 253, 215, 262, 164, 257, 273, 84, 89, 87, 43, 36, 95, 120, 196, 142, 54, 123, 266, 134, 162, 137, 210, 16, 186, 163, 156, 216, 96, 48, 218, 107, 3, 83, 67, 66, 264, 174, 53, 60, 239, 105, 9, 93, 270, 94, 152, 263, 251, 211, 109, 236, 25, 112, 5, 175, 136, 208, 183, 249, 214, 104, 194, 116, 55, 30, 192, 46, 21, 2, 81, 18, 14, 59, 222, 189, 42, 121, 179, 168, 106, 86, 13, 126, 41, 169, 233, 52, 6, 35, 255, 248, 234, 278, 176, 172, 122, 75, 69, 118, 58, 24, 85, 167, 243, 0, 23, 269, 275, 129, 228, 267, 277, 259, 125, 268, 68, 103, 76, 195, 51, 139, 22, 227, 213, 187, 161, 27, 111, 110, 207, 74, 113, 171, 91, 203, 201, 70, 90, 133, 157, 101, 47, 78, 166, 1, 276, 229, 254, 271, 11, 4, 10, 40, 64, 221, 98, 28, 184, 182, 15];[0, 0, 0, 0, 0, 0, 0, 0, 0, 0, 1, 0, 0, 0, 0, 1, 0, 0, 1, 1, 0, 0, 0, 0, 0, 0, 0, 0, 0, 0, 0, 0, 0, 0, 0, 0, 0, 0, 0, 1, 0, 0, 0, 0, 0, 1, 0, 0, 0, 0, 1, 0, 0, 0, 0, 0, 0, 0, 0, 1, 1, 0, 0, 0, 0, 0, 0, 0, 0, 1, 0, 0, 0, 0, 0, 1, 0, 0, 0, 0, 0, 0, 0, 0, 1, 1, 0, 0, 0, 0, 0, 0, 1, 0, 0, 0, 0, 0, 0, 0, 0, 0, 0, 0, 0, 0, 1, 0, 0, 1, 0, 0, 0, 0, 0, 0, 1, 0, 1, 0, 0, 0, 0, 0, 0, 0, 1, 0, 0, 1, 0, 0, 0, 0, 0, 0, 0, 0, 0, 0, 0, 0, 1, 0, 1, 0, 0, 0, 0, 0, 0, 0, 0, 0, 0, 0, 0, 0, 0, 0, 0, 0, 1, 1, 0, 0, 0, 0, 0, 0, 0, 0, 0, 0, 0, 0, 0, 0, 0, 0, 0, 0, 0, 1, 0, 0, 0, 0, 0, 0, 0, 0, 0, 1, 0, 0, 0, 0, 0, 0, 0, 0, 0, 0, 0, 0, 0, 0, 0, 0, 0, 0, 0, 0, 0, 0, 0, 1, 0, 0, 0, 0, 0, 0, 0, 0, 1, 0, 0, 0, 0, 0, 0, 0, 0, 0, 0, 0, 0, 0, 0, 0, 0, 0, 0, 0, 0, 0, 0, 0, 0, 0, 0, 0, 0, 0, 0, 0, 1, 0, 0, 0, 0, 0, 0, 0, 0, 0, 0, 0, 0, 0, 0, 0, 0, 0, 0, 0, 0];311701.5914718841;31074;3;0.07458303006099493
37;[231, 173, 131, 225, 140, 49, 155, 240, 258, 177, 80, 151, 204, 199, 128, 127, 39, 206, 209, 147, 197, 242, 3, 237, 261, 29, 12, 226, 149, 232, 17, 238, 146, 150, 144, 20, 115, 143, 61, 217, 193, 56, 19, 135, 79, 245, 250, 57, 219, 274, 153, 97, 260, 145, 246, 188, 198, 38, 108, 73, 279, 224, 170, 252, 62, 63, 92, 100, 50, 212, 119, 34, 256, 102, 205, 44, 138, 77, 31, 65, 154, 230, 124, 185, 160, 148, 88, 33, 99, 202, 220, 45, 114, 141, 159, 247, 32, 26, 82, 72, 190, 71, 272, 222, 223, 8, 241, 180, 235, 132, 165, 158, 200, 130, 253, 215, 262, 164, 257, 273, 178, 84, 89, 87, 43, 189, 134, 42, 162, 121, 179, 239, 168, 244, 106, 86, 13, 126, 183, 94, 41, 169, 14, 211, 233, 52, 6, 35, 234, 152, 278, 275, 236, 176, 196, 172, 122, 174, 21, 192, 60, 75, 69, 118, 58, 11, 24, 210, 85, 167, 36, 96, 191, 0, 23, 269, 81, 112, 2, 129, 116, 228, 267, 277, 9, 55, 259, 142, 105, 243, 139, 22, 163, 227, 46, 103, 213, 194, 104, 93, 248, 187, 161, 264, 83, 27, 48, 111, 110, 207, 25, 113, 171, 91, 203, 66, 195, 68, 201, 70, 74, 37, 30, 137, 5, 136, 90, 268, 216, 109, 123, 133, 157, 101, 156, 47, 186, 78, 166, 249, 1, 51, 54, 120, 218, 16, 276, 229, 254, 18, 271, 181, 95, 76, 266, 265, 263, 214, 117, 125, 4, 7, 10, 40, 64, 270, 221, 98, 59, 28, 255, 251, 107, 67, 208, 184, 182, 53, 175, 15];[0, 0, 1, 0, 1, 0, 0, 0, 0, 0, 0, 0, 0, 0, 0, 1, 0, 0, 0, 0, 0, 0, 0, 0, 0, 0, 0, 0, 0, 1, 0, 0, 1, 0, 0, 0, 0, 0, 0, 0, 0, 0, 0, 0, 0, 0, 1, 0, 0, 1, 1, 0, 1, 0, 0, 0, 0, 0, 0, 0, 1, 0, 0, 0, 0, 0, 0, 0, 0, 1, 0, 0, 0, 0, 0, 0, 0, 0, 0, 1, 0, 0, 0, 0, 0, 0, 0, 0, 0, 0, 0, 0, 0, 0, 0, 0, 0, 1, 0, 0, 0, 0, 0, 0, 0, 0, 0, 0, 0, 0, 0, 0, 0, 0, 0, 0, 0, 0, 0, 0, 0, 0, 0, 0, 0, 0, 0, 0, 0, 0, 0, 0, 0, 0, 0, 0, 0, 0, 0, 0, 0, 0, 0, 0, 0, 0, 0, 0, 0, 0, 1, 0, 0, 0, 0, 0, 0, 1, 0, 0, 0, 0, 0, 0, 0, 0, 0, 0, 0, 0, 1, 0, 0, 0, 1, 0, 1, 0, 0, 0, 0, 0, 0, 0, 0, 0, 0, 0, 0, 0, 0, 0, 0, 1, 0, 0, 0, 0, 1, 0, 0, 0, 0, 0, 0, 0, 0, 0, 0, 0, 0, 0, 0, 1, 0, 0, 1, 0, 0, 0, 0, 0, 0, 0, 0, 0, 0, 0, 0, 0, 0, 0, 1, 1, 0, 0, 0, 0, 0, 0, 0, 0, 0, 0, 0, 0, 0, 0, 1, 0, 0, 0, 0, 0, 0, 0, 0, 1, 0, 0, 0, 0, 0, 0, 1, 0, 0, 0, 0, 0, 0, 0, 0, 0, 0, 0, 0, 0, 0];313458.71666880185;31164;3;0.07238661122538126
38;[231, 173, 131, 225, 140, 49, 155, 240, 258, 177, 80, 151, 204, 199, 128, 127, 39, 206, 209, 147, 197, 242, 117, 237, 261, 29, 12, 226, 149, 232, 17, 238, 146, 150, 144, 20, 65, 143, 61, 217, 22, 56, 19, 135, 79, 245, 250, 57, 219, 274, 153, 97, 260, 145, 193, 246, 188, 198, 38, 108, 73, 279, 224, 170, 252, 62, 63, 92, 100, 50, 212, 119, 34, 256, 102, 205, 44, 138, 77, 31, 115, 154, 230, 124, 185, 160, 148, 88, 33, 99, 202, 220, 45, 114, 141, 159, 247, 32, 26, 82, 72, 190, 71, 272, 222, 223, 8, 241, 180, 235, 132, 165, 158, 200, 130, 253, 215, 262, 164, 257, 273, 178, 84, 89, 87, 43, 189, 134, 42, 162, 121, 179, 239, 168, 244, 106, 86, 13, 126, 183, 94, 41, 169, 14, 211, 233, 52, 6, 35, 234, 152, 278, 275, 236, 176, 196, 172, 122, 174, 21, 192, 60, 75, 69, 118, 58, 11, 24, 210, 85, 167, 36, 96, 191, 0, 23, 269, 81, 112, 2, 129, 116, 228, 267, 277, 9, 55, 259, 142, 105, 243, 139, 163, 227, 46, 103, 213, 194, 104, 93, 248, 187, 161, 264, 83, 27, 48, 111, 110, 207, 25, 113, 171, 91, 203, 66, 195, 68, 201, 70, 74, 37, 30, 137, 5, 136, 90, 268, 216, 109, 123, 133, 157, 101, 156, 47, 186, 78, 166, 249, 1, 51, 54, 120, 218, 16, 276, 229, 254, 18, 271, 181, 95, 76, 266, 265, 263, 214, 3, 125, 4, 7, 10, 40, 64, 270, 221, 98, 59, 28, 255, 251, 107, 67, 208, 184, 182, 53, 175, 15];[0, 1, 0, 0, 0, 0, 0, 0, 0, 0, 0, 0, 0, 0, 0, 0, 0, 0, 0, 0, 0, 0, 0, 0, 0, 0, 0, 0, 0, 0, 0, 1, 0, 0, 0, 0, 0, 0, 0, 0, 0, 0, 0, 0, 0, 0, 1, 0, 0, 0, 0, 0, 0, 0, 0, 1, 0, 0, 0, 0, 1, 0, 0, 0, 0, 0, 1, 0, 0, 0, 0, 0, 0, 0, 0, 0, 0, 0, 0, 0, 0, 0, 0, 1, 0, 0, 0, 0, 0, 0, 0, 0, 0, 0, 0, 0, 1, 1, 0, 1, 0, 0, 0, 0, 1, 0, 0, 0, 0, 0, 0, 0, 0, 0, 0, 0, 0, 1, 0, 0, 0, 0, 0, 0, 0, 0, 0, 0, 0, 0, 0, 0, 0, 1, 1, 0, 1, 0, 0, 0, 0, 1, 0, 0, 0, 0, 0, 0, 0, 0, 0, 1, 0, 0, 0, 0, 0, 0, 0, 0, 1, 0, 0, 0, 0, 0, 0, 1, 0, 0, 0, 0, 0, 0, 1, 0, 0, 0, 0, 0, 0, 0, 0, 0, 0, 0, 0, 0, 0, 0, 0, 0, 0, 0, 0, 0, 0, 0, 0, 0, 0, 0, 0, 0, 0, 0, 0, 0, 0, 0, 0, 0, 0, 0, 0, 0, 1, 0, 0, 0, 0, 0, 0, 0, 0, 0, 1, 0, 0, 0, 0, 0, 0, 0, 0, 0, 0, 0, 0, 0, 0, 0, 0, 0, 0, 0, 0, 0, 0, 1, 0, 0, 0, 0, 0, 0, 0, 0, 0, 0, 0, 0, 1, 0, 0, 1, 0, 0, 0, 0, 0, 0, 0, 0, 0, 0, 0, 1, 0];314115.25482662936;31559;3;0.07187931662169486
39;[36, 95, 120, 196, 142, 153, 54, 123, 124, 266, 140, 220, 130, 200, 134, 162, 154, 137, 170, 244, 73, 210, 16, 274, 186, 163, 156, 216, 261, 96, 127, 48, 218, 224, 79, 107, 87, 3, 72, 158, 83, 232, 99, 67, 66, 264, 80, 238, 174, 31, 173, 97, 53, 60, 239, 131, 105, 9, 237, 93, 279, 178, 94, 152, 89, 65, 49, 263, 57, 155, 38, 251, 225, 211, 265, 109, 231, 236, 25, 112, 19, 5, 202, 175, 136, 159, 208, 183, 26, 181, 249, 214, 34, 104, 256, 194, 253, 117, 116, 55, 143, 30, 192, 46, 21, 2, 198, 247, 29, 164, 81, 18, 100, 119, 102, 205, 44, 138, 61, 77, 230, 246, 185, 160, 258, 148, 14, 33, 135, 212, 63, 188, 45, 114, 146, 141, 240, 177, 151, 204, 199, 128, 39, 206, 209, 147, 197, 242, 12, 226, 149, 17, 150, 144, 20, 115, 217, 193, 56, 245, 250, 219, 260, 145, 108, 270, 252, 62, 92, 50, 59, 88, 32, 82, 190, 71, 272, 222, 223, 8, 241, 180, 235, 132, 165, 215, 262, 257, 273, 84, 43, 189, 42, 121, 179, 168, 106, 86, 13, 126, 41, 169, 233, 52, 6, 35, 255, 248, 234, 278, 176, 172, 122, 75, 69, 118, 58, 24, 85, 167, 191, 0, 23, 269, 275, 129, 228, 267, 277, 259, 125, 268, 37, 68, 103, 76, 195, 51, 243, 139, 22, 227, 213, 187, 161, 27, 111, 110, 207, 74, 113, 171, 91, 203, 201, 70, 90, 133, 157, 101, 47, 78, 166, 1, 276, 229, 254, 271, 11, 4, 7, 10, 40, 64, 221, 98, 28, 184, 182, 15];[0, 1, 0, 0, 0, 0, 0, 0, 0, 1, 0, 0, 0, 0, 1, 1, 0, 0, 0, 0, 0, 0, 0, 0, 1, 0, 1, 0, 0, 1, 0, 0, 0, 0, 0, 0, 0, 0, 0, 0, 0, 1, 1, 0, 0, 0, 1, 0, 0, 0, 1, 0, 0, 0, 0, 0, 0, 1, 0, 1, 0, 0, 0, 0, 0, 0, 1, 0, 1, 0, 0, 0, 0, 0, 0, 0, 0, 0, 0, 1, 0, 0, 0, 0, 0, 0, 0, 0, 0, 0, 0, 1, 0, 0, 0, 0, 0, 0, 0, 0, 0, 0, 0, 0, 0, 0, 0, 0, 0, 0, 0, 0, 0, 0, 0, 0, 0, 0, 0, 0, 0, 0, 0, 0, 0, 0, 0, 0, 0, 0, 0, 0, 0, 0, 0, 0, 0, 1, 1, 0, 0, 0, 0, 0, 0, 0, 0, 1, 0, 0, 0, 0, 0, 0, 0, 0, 0, 0, 0, 0, 0, 0, 1, 0, 1, 1, 0, 0, 0, 0, 0, 0, 0, 0, 0, 0, 0, 0, 0, 0, 0, 1, 0, 1, 0, 0, 0, 0, 0, 0, 0, 1, 0, 0, 0, 0, 0, 0, 0, 0, 0, 0, 0, 0, 0, 0, 0, 0, 0, 1, 0, 0, 0, 0, 0, 0, 0, 0, 0, 0, 0, 0, 0, 0, 0, 0, 0, 0, 0, 0, 0, 0, 0, 0, 0, 0, 0, 0, 0, 0, 0, 0, 0, 0, 0, 0, 0, 0, 0, 0, 0, 0, 0, 0, 0, 0, 1, 0, 0, 0, 0, 0, 0, 0, 0, 0, 0, 0, 0, 0, 0, 0, 0, 0, 0, 0, 0, 0, 0];313831.91573716985;31457;3;0.06958022500128203
